-- stage 'start': 11 GiB free (floor 8)
-- provenance recorded: stage-start (nothing built yet) (-> work/oct5-as-r9/provenance.log)
-- stage 'post-specs': 11 GiB free (floor 8)
-- cache: using MY OWN build/ (no clone -- astra's approval is spent)
-- invalidating cache entries whose SOURCE differs from mine:
   invalidated: usr/halcyond/src/layout.rs (dirty in her tree; rebuilding from MY source)
   her HEAD: 5ff62b78809846af4780ec41f82d1676e7584e80  my base: 5ff62b78809846af4780ec41f82d1676e7584e80
-- stage 'post-clone': 11 GiB free (floor 8)
-- stratum pinned: /Users/northkillpd/projects/stratum-astra/v2 @ 61dde37 (contains 61dde37, tree CLEAN)

638 hunks checked: 0 error(s), 0 warning(s)
spawn-args mirror check: kernel 104 B / 20 fields, every u64 classified; 3 in-tree mirrors ok (libt, libthyla-rs, pouch); go fork ok (offsets, sizes, pointer-typed addresses; /Users/northkillpd/projects/go-thylacine/src/syscall/exec_thylacine.go)
==> Building kernel (build_type=Debug, hardening=OFF, kaslr=OFF, sanitize='', tests=ON, dir=/Users/northkillpd/projects/thylacine-corona/build/kernel)
-- The C compiler identification is Clang 22.1.4
-- The ASM compiler identification is Clang with GNU-like command-line
-- Found assembler: /opt/homebrew/opt/llvm/bin/clang
-- Detecting C compiler ABI info
-- Detecting C compiler ABI info - failed
-- Detecting C compile features
-- Detecting C compile features - done
-- Kernel: in-kernel test suite ENABLED (KERNEL_TESTS=ON)
-- Configuring done (1.0s)
-- Generating done (0.0s)
-- Build files have been written to: /Users/northkillpd/projects/thylacine-corona/build/kernel
[  0%] Building C object kernel/CMakeFiles/thylacine.elf.dir/main.c.obj
clang: warning: argument unused during compilation: '-fstack-clash-protection' [-Wunused-command-line-argument]
[  0%] Building C object kernel/CMakeFiles/thylacine.elf.dir/extinction.c.obj
clang: warning: argument unused during compilation: '-fstack-clash-protection' [-Wunused-command-line-argument]
[  1%] Building C object kernel/CMakeFiles/thylacine.elf.dir/canary.c.obj
clang: warning: argument unused during compilation: '-fstack-clash-protection' [-Wunused-command-line-argument]
/Users/northkillpd/projects/thylacine-corona/kernel/canary.c:109:6: warning: no previous prototype for function '__stack_chk_fail' [-Wmissing-prototypes]
  109 | void __stack_chk_fail(void) {
      |      ^
/Users/northkillpd/projects/thylacine-corona/kernel/canary.c:109:1: note: declare 'static' if the function is not intended to be used outside of this translation unit
  109 | void __stack_chk_fail(void) {
      | ^
      | static 
1 warning generated.
[  1%] Building C object kernel/CMakeFiles/thylacine.elf.dir/fault_test.c.obj
clang: warning: argument unused during compilation: '-fstack-clash-protection' [-Wunused-command-line-argument]
[  2%] Building C object kernel/CMakeFiles/thylacine.elf.dir/proc.c.obj
clang: warning: argument unused during compilation: '-fstack-clash-protection' [-Wunused-command-line-argument]
/Users/northkillpd/projects/thylacine-corona/kernel/proc.c:3050:14: warning: no previous prototype for function 'proc_test_console_owner' [-Wmissing-prototypes]
 3050 | struct Proc *proc_test_console_owner(void) {
      |              ^
/Users/northkillpd/projects/thylacine-corona/kernel/proc.c:3050:1: note: declare 'static' if the function is not intended to be used outside of this translation unit
 3050 | struct Proc *proc_test_console_owner(void) {
      | ^
      | static 
/Users/northkillpd/projects/thylacine-corona/kernel/proc.c:6218:6: warning: no previous prototype for function 'proc_test_link' [-Wmissing-prototypes]
 6218 | void proc_test_link(struct Proc *p) {
      |      ^
/Users/northkillpd/projects/thylacine-corona/kernel/proc.c:6218:1: note: declare 'static' if the function is not intended to be used outside of this translation unit
 6218 | void proc_test_link(struct Proc *p) {
      | ^
      | static 
/Users/northkillpd/projects/thylacine-corona/kernel/proc.c:6233:6: warning: no previous prototype for function 'proc_test_link_child' [-Wmissing-prototypes]
 6233 | void proc_test_link_child(struct Proc *parent, struct Proc *p) {
      |      ^
/Users/northkillpd/projects/thylacine-corona/kernel/proc.c:6233:1: note: declare 'static' if the function is not intended to be used outside of this translation unit
 6233 | void proc_test_link_child(struct Proc *parent, struct Proc *p) {
      | ^
      | static 
/Users/northkillpd/projects/thylacine-corona/kernel/proc.c:6244:6: warning: no previous prototype for function 'proc_test_orphan_rule' [-Wmissing-prototypes]
 6244 | void proc_test_orphan_rule(struct Proc *dying) {
      |      ^
/Users/northkillpd/projects/thylacine-corona/kernel/proc.c:6244:1: note: declare 'static' if the function is not intended to be used outside of this translation unit
 6244 | void proc_test_orphan_rule(struct Proc *dying) {
      | ^
      | static 
/Users/northkillpd/projects/thylacine-corona/kernel/proc.c:6254:6: warning: no previous prototype for function 'proc_test_set_init' [-Wmissing-prototypes]
 6254 | void proc_test_set_init(struct Proc *p) {
      |      ^
/Users/northkillpd/projects/thylacine-corona/kernel/proc.c:6254:1: note: declare 'static' if the function is not intended to be used outside of this translation unit
 6254 | void proc_test_set_init(struct Proc *p) {
      | ^
      | static 
/Users/northkillpd/projects/thylacine-corona/kernel/proc.c:6264:6: warning: no previous prototype for function 'proc_test_unlink' [-Wmissing-prototypes]
 6264 | void proc_test_unlink(struct Proc *p) {
      |      ^
/Users/northkillpd/projects/thylacine-corona/kernel/proc.c:6264:1: note: declare 'static' if the function is not intended to be used outside of this translation unit
 6264 | void proc_test_unlink(struct Proc *p) {
      | ^
      | static 
/Users/northkillpd/projects/thylacine-corona/kernel/proc.c:6289:6: warning: no previous prototype for function 'proc_test_legate_teardown' [-Wmissing-prototypes]
 6289 | void proc_test_legate_teardown(u32 scope_id, struct Proc *except) {
      |      ^
/Users/northkillpd/projects/thylacine-corona/kernel/proc.c:6289:1: note: declare 'static' if the function is not intended to be used outside of this translation unit
 6289 | void proc_test_legate_teardown(u32 scope_id, struct Proc *except) {
      | ^
      | static 
7 warnings generated.
[  2%] Building C object kernel/CMakeFiles/thylacine.elf.dir/addrspace.c.obj
clang: warning: argument unused during compilation: '-fstack-clash-protection' [-Wunused-command-line-argument]
[  2%] Building C object kernel/CMakeFiles/thylacine.elf.dir/cow.c.obj
clang: warning: argument unused during compilation: '-fstack-clash-protection' [-Wunused-command-line-argument]
[  3%] Building C object kernel/CMakeFiles/thylacine.elf.dir/perm.c.obj
clang: warning: argument unused during compilation: '-fstack-clash-protection' [-Wunused-command-line-argument]
[  3%] Building C object kernel/CMakeFiles/thylacine.elf.dir/vivarium.c.obj
clang: warning: argument unused during compilation: '-fstack-clash-protection' [-Wunused-command-line-argument]
[  4%] Building C object kernel/CMakeFiles/thylacine.elf.dir/allowance.c.obj
clang: warning: argument unused during compilation: '-fstack-clash-protection' [-Wunused-command-line-argument]
[  4%] Building C object kernel/CMakeFiles/thylacine.elf.dir/thread.c.obj
clang: warning: argument unused during compilation: '-fstack-clash-protection' [-Wunused-command-line-argument]
[  5%] Building C object kernel/CMakeFiles/thylacine.elf.dir/sched.c.obj
clang: warning: argument unused during compilation: '-fstack-clash-protection' [-Wunused-command-line-argument]
[  5%] Building C object kernel/CMakeFiles/thylacine.elf.dir/smp.c.obj
clang: warning: argument unused during compilation: '-fstack-clash-protection' [-Wunused-command-line-argument]
[  5%] Building ASM object kernel/CMakeFiles/thylacine.elf.dir/__/arch/arm64/start.S.obj
clang: warning: argument unused during compilation: '-fstack-clash-protection' [-Wunused-command-line-argument]
[  6%] Building C object kernel/CMakeFiles/thylacine.elf.dir/__/arch/arm64/uart.c.obj
clang: warning: argument unused during compilation: '-fstack-clash-protection' [-Wunused-command-line-argument]
[  6%] Building C object kernel/CMakeFiles/thylacine.elf.dir/__/arch/arm64/mmu.c.obj
clang: warning: argument unused during compilation: '-fstack-clash-protection' [-Wunused-command-line-argument]
[  7%] Building C object kernel/CMakeFiles/thylacine.elf.dir/__/arch/arm64/kaslr.c.obj
clang: warning: argument unused during compilation: '-fstack-clash-protection' [-Wunused-command-line-argument]
[  7%] Building C object kernel/CMakeFiles/thylacine.elf.dir/__/arch/arm64/exception.c.obj
clang: warning: argument unused during compilation: '-fstack-clash-protection' [-Wunused-command-line-argument]
[  8%] Building C object kernel/CMakeFiles/thylacine.elf.dir/__/arch/arm64/fault.c.obj
clang: warning: argument unused during compilation: '-fstack-clash-protection' [-Wunused-command-line-argument]
[  8%] Building C object kernel/CMakeFiles/thylacine.elf.dir/__/arch/arm64/halls.c.obj
clang: warning: argument unused during compilation: '-fstack-clash-protection' [-Wunused-command-line-argument]
[  8%] Building C object kernel/CMakeFiles/thylacine.elf.dir/__/arch/arm64/uaccess.c.obj
clang: warning: argument unused during compilation: '-fstack-clash-protection' [-Wunused-command-line-argument]
[  9%] Building ASM object kernel/CMakeFiles/thylacine.elf.dir/__/arch/arm64/uaccess.S.obj
clang: warning: argument unused during compilation: '-fstack-clash-protection' [-Wunused-command-line-argument]
[  9%] Building ASM object kernel/CMakeFiles/thylacine.elf.dir/__/arch/arm64/vectors.S.obj
clang: warning: argument unused during compilation: '-fstack-clash-protection' [-Wunused-command-line-argument]
[ 10%] Building C object kernel/CMakeFiles/thylacine.elf.dir/__/arch/arm64/gic.c.obj
clang: warning: argument unused during compilation: '-fstack-clash-protection' [-Wunused-command-line-argument]
[ 10%] Building C object kernel/CMakeFiles/thylacine.elf.dir/__/arch/arm64/gic_msi.c.obj
clang: warning: argument unused during compilation: '-fstack-clash-protection' [-Wunused-command-line-argument]
[ 11%] Building C object kernel/CMakeFiles/thylacine.elf.dir/__/arch/arm64/gic_its.c.obj
clang: warning: argument unused during compilation: '-fstack-clash-protection' [-Wunused-command-line-argument]
[ 11%] Building C object kernel/CMakeFiles/thylacine.elf.dir/__/arch/arm64/timer.c.obj
clang: warning: argument unused during compilation: '-fstack-clash-protection' [-Wunused-command-line-argument]
[ 11%] Building C object kernel/CMakeFiles/thylacine.elf.dir/__/arch/arm64/rtc.c.obj
clang: warning: argument unused during compilation: '-fstack-clash-protection' [-Wunused-command-line-argument]
[ 12%] Building C object kernel/CMakeFiles/thylacine.elf.dir/__/arch/arm64/hwfeat.c.obj
clang: warning: argument unused during compilation: '-fstack-clash-protection' [-Wunused-command-line-argument]
[ 12%] Building C object kernel/CMakeFiles/thylacine.elf.dir/__/arch/arm64/hwdebug.c.obj
clang: warning: argument unused during compilation: '-fstack-clash-protection' [-Wunused-command-line-argument]
[ 13%] Building C object kernel/CMakeFiles/thylacine.elf.dir/__/arch/arm64/alternatives.c.obj
clang: warning: argument unused during compilation: '-fstack-clash-protection' [-Wunused-command-line-argument]
[ 13%] Building ASM object kernel/CMakeFiles/thylacine.elf.dir/__/arch/arm64/context.S.obj
clang: warning: argument unused during compilation: '-fstack-clash-protection' [-Wunused-command-line-argument]
[ 13%] Building ASM object kernel/CMakeFiles/thylacine.elf.dir/__/arch/arm64/userland.S.obj
clang: warning: argument unused during compilation: '-fstack-clash-protection' [-Wunused-command-line-argument]
[ 14%] Building C object kernel/CMakeFiles/thylacine.elf.dir/__/arch/arm64/psci.c.obj
clang: warning: argument unused during compilation: '-fstack-clash-protection' [-Wunused-command-line-argument]
[ 14%] Building C object kernel/CMakeFiles/thylacine.elf.dir/__/arch/arm64/asid.c.obj
clang: warning: argument unused during compilation: '-fstack-clash-protection' [-Wunused-command-line-argument]
[ 15%] Building C object kernel/CMakeFiles/thylacine.elf.dir/__/lib/dtb.c.obj
clang: warning: argument unused during compilation: '-fstack-clash-protection' [-Wunused-command-line-argument]
[ 15%] Building C object kernel/CMakeFiles/thylacine.elf.dir/__/mm/buddy.c.obj
clang: warning: argument unused during compilation: '-fstack-clash-protection' [-Wunused-command-line-argument]
[ 16%] Building C object kernel/CMakeFiles/thylacine.elf.dir/__/mm/magazines.c.obj
clang: warning: argument unused during compilation: '-fstack-clash-protection' [-Wunused-command-line-argument]
/Users/northkillpd/projects/thylacine-corona/mm/magazines.c:29:27: warning: comparison of integers of different signs: 'int' and 'unsigned int' [-Wsign-compare]
   29 |     for (int cpu = 0; cpu < NCPUS; cpu++) {
      |                       ~~~ ^ ~~~~~
/Users/northkillpd/projects/thylacine-corona/mm/magazines.c:155:27: warning: comparison of integers of different signs: 'int' and 'unsigned int' [-Wsign-compare]
  155 |     for (int cpu = 0; cpu < NCPUS; cpu++) {
      |                       ~~~ ^ ~~~~~
2 warnings generated.
[ 16%] Building C object kernel/CMakeFiles/thylacine.elf.dir/__/mm/phys.c.obj
clang: warning: argument unused during compilation: '-fstack-clash-protection' [-Wunused-command-line-argument]
[ 16%] Building C object kernel/CMakeFiles/thylacine.elf.dir/__/mm/slub.c.obj
clang: warning: argument unused during compilation: '-fstack-clash-protection' [-Wunused-command-line-argument]
[ 17%] Building C object kernel/CMakeFiles/thylacine.elf.dir/territory.c.obj
clang: warning: argument unused during compilation: '-fstack-clash-protection' [-Wunused-command-line-argument]
[ 17%] Building C object kernel/CMakeFiles/thylacine.elf.dir/handle.c.obj
clang: warning: argument unused during compilation: '-fstack-clash-protection' [-Wunused-command-line-argument]
[ 18%] Building C object kernel/CMakeFiles/thylacine.elf.dir/burrow.c.obj
clang: warning: argument unused during compilation: '-fstack-clash-protection' [-Wunused-command-line-argument]
[ 18%] Building C object kernel/CMakeFiles/thylacine.elf.dir/pagemap.c.obj
clang: warning: argument unused during compilation: '-fstack-clash-protection' [-Wunused-command-line-argument]
[ 19%] Building C object kernel/CMakeFiles/thylacine.elf.dir/image.c.obj
clang: warning: argument unused during compilation: '-fstack-clash-protection' [-Wunused-command-line-argument]
[ 19%] Building C object kernel/CMakeFiles/thylacine.elf.dir/loom.c.obj
clang: warning: argument unused during compilation: '-fstack-clash-protection' [-Wunused-command-line-argument]
[ 19%] Building C object kernel/CMakeFiles/thylacine.elf.dir/loom_service_pool.c.obj
clang: warning: argument unused during compilation: '-fstack-clash-protection' [-Wunused-command-line-argument]
[ 20%] Building C object kernel/CMakeFiles/thylacine.elf.dir/weft.c.obj
clang: warning: argument unused during compilation: '-fstack-clash-protection' [-Wunused-command-line-argument]
/Users/northkillpd/projects/thylacine-corona/kernel/weft.c:550:21: warning: comparison of integers of different signs: 'int' and 'u32' (aka 'unsigned int') [-Wsign-compare]
  550 |     if (closer->pid != wb->map_pid)  return -1;       // not the mapping Proc
      |         ~~~~~~~~~~~ ^  ~~~~~~~~~~~
1 warning generated.
[ 20%] Building C object kernel/CMakeFiles/thylacine.elf.dir/vma.c.obj
clang: warning: argument unused during compilation: '-fstack-clash-protection' [-Wunused-command-line-argument]
[ 21%] Building C object kernel/CMakeFiles/thylacine.elf.dir/elf.c.obj
clang: warning: argument unused during compilation: '-fstack-clash-protection' [-Wunused-command-line-argument]
[ 21%] Building C object kernel/CMakeFiles/thylacine.elf.dir/exec.c.obj
clang: warning: argument unused during compilation: '-fstack-clash-protection' [-Wunused-command-line-argument]
[ 22%] Building C object kernel/CMakeFiles/thylacine.elf.dir/vdso.c.obj
clang: warning: argument unused during compilation: '-fstack-clash-protection' [-Wunused-command-line-argument]
[ 22%] Building C object kernel/CMakeFiles/thylacine.elf.dir/syscall.c.obj
clang: warning: argument unused during compilation: '-fstack-clash-protection' [-Wunused-command-line-argument]
/Users/northkillpd/projects/thylacine-corona/kernel/syscall.c:800:5: warning: no previous prototype for function 'hostmem_refcount_query' [-Wmissing-prototypes]
  800 | s64 hostmem_refcount_query(struct Proc *p, u64 va, u64 len) {
      |     ^
/Users/northkillpd/projects/thylacine-corona/kernel/syscall.c:800:1: note: declare 'static' if the function is not intended to be used outside of this translation unit
  800 | s64 hostmem_refcount_query(struct Proc *p, u64 va, u64 len) {
      | ^
      | static 
/Users/northkillpd/projects/thylacine-corona/kernel/syscall.c:1008:5: warning: no previous prototype for function 'sys_dma_segments_handler' [-Wmissing-prototypes]
 1008 | s64 sys_dma_segments_handler(u64 hraw, u64 buf_va, u64 max_entries) {
      |     ^
/Users/northkillpd/projects/thylacine-corona/kernel/syscall.c:1008:1: note: declare 'static' if the function is not intended to be used outside of this translation unit
 1008 | s64 sys_dma_segments_handler(u64 hraw, u64 buf_va, u64 max_entries) {
      | ^
      | static 
/Users/northkillpd/projects/thylacine-corona/kernel/syscall.c:1076:5: warning: no previous prototype for function 'sys_pci_claim_handler' [-Wmissing-prototypes]
 1076 | s64 sys_pci_claim_handler(u64 virtio_device_id, u64 a1) {
      |     ^
/Users/northkillpd/projects/thylacine-corona/kernel/syscall.c:1076:1: note: declare 'static' if the function is not intended to be used outside of this translation unit
 1076 | s64 sys_pci_claim_handler(u64 virtio_device_id, u64 a1) {
      | ^
      | static 
/Users/northkillpd/projects/thylacine-corona/kernel/syscall.c:1219:5: warning: no previous prototype for function 'sys_pci_map_bar_handler' [-Wmissing-prototypes]
 1219 | s64 sys_pci_map_bar_handler(u64 hraw, u64 vaddr, u64 bar_index, u64 prot_raw) {
      |     ^
/Users/northkillpd/projects/thylacine-corona/kernel/syscall.c:1219:1: note: declare 'static' if the function is not intended to be used outside of this translation unit
 1219 | s64 sys_pci_map_bar_handler(u64 hraw, u64 vaddr, u64 bar_index, u64 prot_raw) {
      | ^
      | static 
/Users/northkillpd/projects/thylacine-corona/kernel/syscall.c:1261:5: warning: no previous prototype for function 'sys_pci_info_handler' [-Wmissing-prototypes]
 1261 | s64 sys_pci_info_handler(u64 hraw, u64 info_va) {
      |     ^
/Users/northkillpd/projects/thylacine-corona/kernel/syscall.c:1261:1: note: declare 'static' if the function is not intended to be used outside of this translation unit
 1261 | s64 sys_pci_info_handler(u64 hraw, u64 info_va) {
      | ^
      | static 
/Users/northkillpd/projects/thylacine-corona/kernel/syscall.c:1417:5: warning: no previous prototype for function 'sys_pipe_for_proc' [-Wmissing-prototypes]
 1417 | int sys_pipe_for_proc(struct Proc *p, hidx_t *out_rd, hidx_t *out_wr) {
      |     ^
/Users/northkillpd/projects/thylacine-corona/kernel/syscall.c:1417:1: note: declare 'static' if the function is not intended to be used outside of this translation unit
 1417 | int sys_pipe_for_proc(struct Proc *p, hidx_t *out_rd, hidx_t *out_wr) {
      | ^
      | static 
/Users/northkillpd/projects/thylacine-corona/kernel/syscall.c:1647:5: warning: no previous prototype for function 'sys_write_for_proc' [-Wmissing-prototypes]
 1647 | s64 sys_write_for_proc(struct Proc *p, hidx_t h, const u8 *kbuf, u64 len) {
      |     ^
/Users/northkillpd/projects/thylacine-corona/kernel/syscall.c:1647:1: note: declare 'static' if the function is not intended to be used outside of this translation unit
 1647 | s64 sys_write_for_proc(struct Proc *p, hidx_t h, const u8 *kbuf, u64 len) {
      | ^
      | static 
/Users/northkillpd/projects/thylacine-corona/kernel/syscall.c:1653:5: warning: no previous prototype for function 'sys_pwrite_for_proc' [-Wmissing-prototypes]
 1653 | s64 sys_pwrite_for_proc(struct Proc *p, hidx_t h, const u8 *kbuf, u64 len,
      |     ^
/Users/northkillpd/projects/thylacine-corona/kernel/syscall.c:1653:1: note: declare 'static' if the function is not intended to be used outside of this translation unit
 1653 | s64 sys_pwrite_for_proc(struct Proc *p, hidx_t h, const u8 *kbuf, u64 len,
      | ^
      | static 
/Users/northkillpd/projects/thylacine-corona/kernel/syscall.c:1709:5: warning: no previous prototype for function 'sys_read_for_proc' [-Wmissing-prototypes]
 1709 | s64 sys_read_for_proc(struct Proc *p, hidx_t h, u8 *kbuf, u64 len) {
      |     ^
/Users/northkillpd/projects/thylacine-corona/kernel/syscall.c:1709:1: note: declare 'static' if the function is not intended to be used outside of this translation unit
 1709 | s64 sys_read_for_proc(struct Proc *p, hidx_t h, u8 *kbuf, u64 len) {
      | ^
      | static 
/Users/northkillpd/projects/thylacine-corona/kernel/syscall.c:1715:5: warning: no previous prototype for function 'sys_pread_for_proc' [-Wmissing-prototypes]
 1715 | s64 sys_pread_for_proc(struct Proc *p, hidx_t h, u8 *kbuf, u64 len, s64 off) {
      |     ^
/Users/northkillpd/projects/thylacine-corona/kernel/syscall.c:1715:1: note: declare 'static' if the function is not intended to be used outside of this translation unit
 1715 | s64 sys_pread_for_proc(struct Proc *p, hidx_t h, u8 *kbuf, u64 len, s64 off) {
      | ^
      | static 
/Users/northkillpd/projects/thylacine-corona/kernel/syscall.c:2255:5: warning: no previous prototype for function 'sys_stat_for_proc' [-Wmissing-prototypes]
 2255 | s64 sys_stat_for_proc(struct Proc *p, const char *path, u64 path_len,
      |     ^
/Users/northkillpd/projects/thylacine-corona/kernel/syscall.c:2255:1: note: declare 'static' if the function is not intended to be used outside of this translation unit
 2255 | s64 sys_stat_for_proc(struct Proc *p, const char *path, u64 path_len,
      | ^
      | static 
/Users/northkillpd/projects/thylacine-corona/kernel/syscall.c:2698:5: warning: no previous prototype for function 'sys_srv_registry_new_for_proc' [-Wmissing-prototypes]
 2698 | s64 sys_srv_registry_new_for_proc(struct Proc *p, u64 source_fd,
      |     ^
/Users/northkillpd/projects/thylacine-corona/kernel/syscall.c:2698:1: note: declare 'static' if the function is not intended to be used outside of this translation unit
 2698 | s64 sys_srv_registry_new_for_proc(struct Proc *p, u64 source_fd,
      | ^
      | static 
/Users/northkillpd/projects/thylacine-corona/kernel/syscall.c:3483:5: warning: no previous prototype for function 'spoor_devclass' [-Wmissing-prototypes]
 3483 | int spoor_devclass(struct Spoor *c) {
      |     ^
/Users/northkillpd/projects/thylacine-corona/kernel/syscall.c:3483:1: note: declare 'static' if the function is not intended to be used outside of this translation unit
 3483 | int spoor_devclass(struct Spoor *c) {
      | ^
      | static 
/Users/northkillpd/projects/thylacine-corona/kernel/syscall.c:3516:5: warning: no previous prototype for function 'sys_getpid_handler' [-Wmissing-prototypes]
 3516 | s64 sys_getpid_handler(u64 a0, u64 a1, u64 a2, u64 a3) {
      |     ^
/Users/northkillpd/projects/thylacine-corona/kernel/syscall.c:3516:1: note: declare 'static' if the function is not intended to be used outside of this translation unit
 3516 | s64 sys_getpid_handler(u64 a0, u64 a1, u64 a2, u64 a3) {
      | ^
      | static 
/Users/northkillpd/projects/thylacine-corona/kernel/syscall.c:3523:5: warning: no previous prototype for function 'sys_getuid_handler' [-Wmissing-prototypes]
 3523 | s64 sys_getuid_handler(u64 a0, u64 a1, u64 a2, u64 a3) {
      |     ^
/Users/northkillpd/projects/thylacine-corona/kernel/syscall.c:3523:1: note: declare 'static' if the function is not intended to be used outside of this translation unit
 3523 | s64 sys_getuid_handler(u64 a0, u64 a1, u64 a2, u64 a3) {
      | ^
      | static 
/Users/northkillpd/projects/thylacine-corona/kernel/syscall.c:3530:5: warning: no previous prototype for function 'sys_getgid_handler' [-Wmissing-prototypes]
 3530 | s64 sys_getgid_handler(u64 a0, u64 a1, u64 a2, u64 a3) {
      |     ^
/Users/northkillpd/projects/thylacine-corona/kernel/syscall.c:3530:1: note: declare 'static' if the function is not intended to be used outside of this translation unit
 3530 | s64 sys_getgid_handler(u64 a0, u64 a1, u64 a2, u64 a3) {
      | ^
      | static 
/Users/northkillpd/projects/thylacine-corona/kernel/syscall.c:3546:5: warning: no previous prototype for function 'sys_setsid_handler' [-Wmissing-prototypes]
 3546 | s64 sys_setsid_handler(u64 a0, u64 a1, u64 a2, u64 a3) {
      |     ^
/Users/northkillpd/projects/thylacine-corona/kernel/syscall.c:3546:1: note: declare 'static' if the function is not intended to be used outside of this translation unit
 3546 | s64 sys_setsid_handler(u64 a0, u64 a1, u64 a2, u64 a3) {
      | ^
      | static 
/Users/northkillpd/projects/thylacine-corona/kernel/syscall.c:3553:5: warning: no previous prototype for function 'sys_setpgid_handler' [-Wmissing-prototypes]
 3553 | s64 sys_setpgid_handler(u64 a0, u64 a1, u64 a2, u64 a3) {
      |     ^
/Users/northkillpd/projects/thylacine-corona/kernel/syscall.c:3553:1: note: declare 'static' if the function is not intended to be used outside of this translation unit
 3553 | s64 sys_setpgid_handler(u64 a0, u64 a1, u64 a2, u64 a3) {
      | ^
      | static 
/Users/northkillpd/projects/thylacine-corona/kernel/syscall.c:3560:5: warning: no previous prototype for function 'sys_getpgid_handler' [-Wmissing-prototypes]
 3560 | s64 sys_getpgid_handler(u64 a0, u64 a1, u64 a2, u64 a3) {
      |     ^
/Users/northkillpd/projects/thylacine-corona/kernel/syscall.c:3560:1: note: declare 'static' if the function is not intended to be used outside of this translation unit
 3560 | s64 sys_getpgid_handler(u64 a0, u64 a1, u64 a2, u64 a3) {
      | ^
      | static 
/Users/northkillpd/projects/thylacine-corona/kernel/syscall.c:3567:5: warning: no previous prototype for function 'sys_getsid_handler' [-Wmissing-prototypes]
 3567 | s64 sys_getsid_handler(u64 a0, u64 a1, u64 a2, u64 a3) {
      |     ^
/Users/northkillpd/projects/thylacine-corona/kernel/syscall.c:3567:1: note: declare 'static' if the function is not intended to be used outside of this translation unit
 3567 | s64 sys_getsid_handler(u64 a0, u64 a1, u64 a2, u64 a3) {
      | ^
      | static 
/Users/northkillpd/projects/thylacine-corona/kernel/syscall.c:3588:5: warning: no previous prototype for function 'sys_pty_register_for_proc' [-Wmissing-prototypes]
 3588 | s64 sys_pty_register_for_proc(struct Proc *p, u64 op, u64 a1, u64 a2, u64 a3) {
      |     ^
/Users/northkillpd/projects/thylacine-corona/kernel/syscall.c:3588:1: note: declare 'static' if the function is not intended to be used outside of this translation unit
 3588 | s64 sys_pty_register_for_proc(struct Proc *p, u64 op, u64 a1, u64 a2, u64 a3) {
      | ^
      | static 
/Users/northkillpd/projects/thylacine-corona/kernel/syscall.c:3703:5: warning: no previous prototype for function 'sys_tty_signal_for_proc' [-Wmissing-prototypes]
 3703 | s64 sys_tty_signal_for_proc(struct Proc *p, u64 pts_id, u64 sig_class) {
      |     ^
/Users/northkillpd/projects/thylacine-corona/kernel/syscall.c:3703:1: note: declare 'static' if the function is not intended to be used outside of this translation unit
 3703 | s64 sys_tty_signal_for_proc(struct Proc *p, u64 pts_id, u64 sig_class) {
      | ^
      | static 
/Users/northkillpd/projects/thylacine-corona/kernel/syscall.c:3708:5: warning: no previous prototype for function 'sys_tty_fd_op_for_proc' [-Wmissing-prototypes]
 3708 | s64 sys_tty_fd_op_for_proc(struct Proc *p, u64 fd_raw, u64 op_num, u64 arg) {
      |     ^
/Users/northkillpd/projects/thylacine-corona/kernel/syscall.c:3708:1: note: declare 'static' if the function is not intended to be used outside of this translation unit
 3708 | s64 sys_tty_fd_op_for_proc(struct Proc *p, u64 fd_raw, u64 op_num, u64 arg) {
      | ^
      | static 
/Users/northkillpd/projects/thylacine-corona/kernel/syscall.c:3773:5: warning: no previous prototype for function 'sys_clock_gettime_handler' [-Wmissing-prototypes]
 3773 | s64 sys_clock_gettime_handler(u64 clk_id, u64 ts_va, u64 a2, u64 a3) {
      |     ^
/Users/northkillpd/projects/thylacine-corona/kernel/syscall.c:3773:1: note: declare 'static' if the function is not intended to be used outside of this translation unit
 3773 | s64 sys_clock_gettime_handler(u64 clk_id, u64 ts_va, u64 a2, u64 a3) {
      | ^
      | static 
/Users/northkillpd/projects/thylacine-corona/kernel/syscall.c:3812:5: warning: no previous prototype for function 'sys_clock_settime_handler' [-Wmissing-prototypes]
 3812 | s64 sys_clock_settime_handler(u64 clk_id, u64 ts_va, u64 a2, u64 a3) {
      |     ^
/Users/northkillpd/projects/thylacine-corona/kernel/syscall.c:3812:1: note: declare 'static' if the function is not intended to be used outside of this translation unit
 3812 | s64 sys_clock_settime_handler(u64 clk_id, u64 ts_va, u64 a2, u64 a3) {
      | ^
      | static 
/Users/northkillpd/projects/thylacine-corona/kernel/syscall.c:4465:5: warning: no previous prototype for function 'sys_open_create_kpath_for_proc' [-Wmissing-prototypes]
 4465 | s64 sys_open_create_kpath_for_proc(struct Proc *p, u64 start_fd_raw,
      |     ^
/Users/northkillpd/projects/thylacine-corona/kernel/syscall.c:4465:1: note: declare 'static' if the function is not intended to be used outside of this translation unit
 4465 | s64 sys_open_create_kpath_for_proc(struct Proc *p, u64 start_fd_raw,
      | ^
      | static 
/Users/northkillpd/projects/thylacine-corona/kernel/syscall.c:4661:5: warning: no previous prototype for function 'union_readdir_run' [-Wmissing-prototypes]
 4661 | s64 union_readdir_run(struct Proc *p, struct Spoor *c, u8 *out, long want,
      |     ^
/Users/northkillpd/projects/thylacine-corona/kernel/syscall.c:4661:1: note: declare 'static' if the function is not intended to be used outside of this translation unit
 4661 | s64 union_readdir_run(struct Proc *p, struct Spoor *c, u8 *out, long want,
      | ^
      | static 
/Users/northkillpd/projects/thylacine-corona/kernel/syscall.c:5126:5: warning: no previous prototype for function 'sys_wstat_for_proc' [-Wmissing-prototypes]
 5126 | s64 sys_wstat_for_proc(struct Proc *p, hidx_t h, u32 valid, u32 mode,
      |     ^
/Users/northkillpd/projects/thylacine-corona/kernel/syscall.c:5126:1: note: declare 'static' if the function is not intended to be used outside of this translation unit
 5126 | s64 sys_wstat_for_proc(struct Proc *p, hidx_t h, u32 valid, u32 mode,
      | ^
      | static 
/Users/northkillpd/projects/thylacine-corona/kernel/syscall.c:6063:5: warning: no previous prototype for function 'sys_burrow_attach_for_proc' [-Wmissing-prototypes]
 6063 | s64 sys_burrow_attach_for_proc(struct Proc *p, u64 length_raw) {
      |     ^
/Users/northkillpd/projects/thylacine-corona/kernel/syscall.c:6063:1: note: declare 'static' if the function is not intended to be used outside of this translation unit
 6063 | s64 sys_burrow_attach_for_proc(struct Proc *p, u64 length_raw) {
      | ^
      | static 
/Users/northkillpd/projects/thylacine-corona/kernel/syscall.c:6229:5: warning: no previous prototype for function 'sys_burrow_detach_for_proc' [-Wmissing-prototypes]
 6229 | s64 sys_burrow_detach_for_proc(struct Proc *p, u64 vaddr_raw, u64 length_raw) {
      |     ^
/Users/northkillpd/projects/thylacine-corona/kernel/syscall.c:6229:1: note: declare 'static' if the function is not intended to be used outside of this translation unit
 6229 | s64 sys_burrow_detach_for_proc(struct Proc *p, u64 vaddr_raw, u64 length_raw) {
      | ^
      | static 
/Users/northkillpd/projects/thylacine-corona/kernel/syscall.c:6253:5: warning: no previous prototype for function 'sys_munmap_range_for_proc' [-Wmissing-prototypes]
 6253 | s64 sys_munmap_range_for_proc(struct Proc *p, u64 vaddr_raw, u64 length_raw) {
      |     ^
/Users/northkillpd/projects/thylacine-corona/kernel/syscall.c:6253:1: note: declare 'static' if the function is not intended to be used outside of this translation unit
 6253 | s64 sys_munmap_range_for_proc(struct Proc *p, u64 vaddr_raw, u64 length_raw) {
      | ^
      | static 
/Users/northkillpd/projects/thylacine-corona/kernel/syscall.c:6289:5: warning: no previous prototype for function 'sys_burrow_attach_lazy_for_proc' [-Wmissing-prototypes]
 6289 | s64 sys_burrow_attach_lazy_for_proc(struct Proc *p, u64 length_raw) {
      |     ^
/Users/northkillpd/projects/thylacine-corona/kernel/syscall.c:6289:1: note: declare 'static' if the function is not intended to be used outside of this translation unit
 6289 | s64 sys_burrow_attach_lazy_for_proc(struct Proc *p, u64 length_raw) {
      | ^
      | static 
/Users/northkillpd/projects/thylacine-corona/kernel/syscall.c:6398:5: warning: no previous prototype for function 'sys_mmap_file_for_proc' [-Wmissing-prototypes]
 6398 | s64 sys_mmap_file_for_proc(struct Proc *p, u64 fd_raw, u64 length_raw,
      |     ^
/Users/northkillpd/projects/thylacine-corona/kernel/syscall.c:6398:1: note: declare 'static' if the function is not intended to be used outside of this translation unit
 6398 | s64 sys_mmap_file_for_proc(struct Proc *p, u64 fd_raw, u64 length_raw,
      | ^
      | static 
/Users/northkillpd/projects/thylacine-corona/kernel/syscall.c:6650:5: warning: no previous prototype for function 'sys_mmap_fixed_file_for_proc' [-Wmissing-prototypes]
 6650 | s64 sys_mmap_fixed_file_for_proc(struct Proc *p, u64 addr, u64 fd_raw,
      |     ^
/Users/northkillpd/projects/thylacine-corona/kernel/syscall.c:6650:1: note: declare 'static' if the function is not intended to be used outside of this translation unit
 6650 | s64 sys_mmap_fixed_file_for_proc(struct Proc *p, u64 addr, u64 fd_raw,
      | ^
      | static 
/Users/northkillpd/projects/thylacine-corona/kernel/syscall.c:6745:5: warning: no previous prototype for function 'sys_mmap_fixed_anon_for_proc' [-Wmissing-prototypes]
 6745 | s64 sys_mmap_fixed_anon_for_proc(struct Proc *p, u64 addr, u64 length_raw,
      |     ^
/Users/northkillpd/projects/thylacine-corona/kernel/syscall.c:6745:1: note: declare 'static' if the function is not intended to be used outside of this translation unit
 6745 | s64 sys_mmap_fixed_anon_for_proc(struct Proc *p, u64 addr, u64 length_raw,
      | ^
      | static 
/Users/northkillpd/projects/thylacine-corona/kernel/syscall.c:6783:5: warning: no previous prototype for function 'burrow_lazy_len_from_args' [-Wmissing-prototypes]
 6783 | u64 burrow_lazy_len_from_args(u64 x0, u64 x1, u64 flags, u64 fd_raw) {
      |     ^
/Users/northkillpd/projects/thylacine-corona/kernel/syscall.c:6783:1: note: declare 'static' if the function is not intended to be used outside of this translation unit
 6783 | u64 burrow_lazy_len_from_args(u64 x0, u64 x1, u64 flags, u64 fd_raw) {
      | ^
      | static 
/Users/northkillpd/projects/thylacine-corona/kernel/syscall.c:6812:5: warning: no previous prototype for function 'sys_burrow_decommit_core' [-Wmissing-prototypes]
 6812 | s64 sys_burrow_decommit_core(struct Proc *p, u64 vaddr_raw, u64 length_raw) {
      |     ^
/Users/northkillpd/projects/thylacine-corona/kernel/syscall.c:6812:1: note: declare 'static' if the function is not intended to be used outside of this translation unit
 6812 | s64 sys_burrow_decommit_core(struct Proc *p, u64 vaddr_raw, u64 length_raw) {
      | ^
      | static 
/Users/northkillpd/projects/thylacine-corona/kernel/syscall.c:6836:5: warning: no previous prototype for function 'sys_burrow_decommit_for_proc' [-Wmissing-prototypes]
 6836 | s64 sys_burrow_decommit_for_proc(struct Proc *p, u64 vaddr_raw, u64 length_raw) {
      |     ^
/Users/northkillpd/projects/thylacine-corona/kernel/syscall.c:6836:1: note: declare 'static' if the function is not intended to be used outside of this translation unit
 6836 | s64 sys_burrow_decommit_for_proc(struct Proc *p, u64 vaddr_raw, u64 length_raw) {
      | ^
      | static 
/Users/northkillpd/projects/thylacine-corona/kernel/syscall.c:6872:5: warning: no previous prototype for function 'sys_burrow_reserve_for_proc' [-Wmissing-prototypes]
 6872 | s64 sys_burrow_reserve_for_proc(struct Proc *p, u64 length_raw, u64 prot_raw,
      |     ^
/Users/northkillpd/projects/thylacine-corona/kernel/syscall.c:6872:1: note: declare 'static' if the function is not intended to be used outside of this translation unit
 6872 | s64 sys_burrow_reserve_for_proc(struct Proc *p, u64 length_raw, u64 prot_raw,
      | ^
      | static 
/Users/northkillpd/projects/thylacine-corona/kernel/syscall.c:6920:5: warning: no previous prototype for function 'sys_burrow_protect_for_proc' [-Wmissing-prototypes]
 6920 | s64 sys_burrow_protect_for_proc(struct Proc *p, u64 vaddr_raw, u64 length_raw,
      |     ^
/Users/northkillpd/projects/thylacine-corona/kernel/syscall.c:6920:1: note: declare 'static' if the function is not intended to be used outside of this translation unit
 6920 | s64 sys_burrow_protect_for_proc(struct Proc *p, u64 vaddr_raw, u64 length_raw,
      | ^
      | static 
/Users/northkillpd/projects/thylacine-corona/kernel/syscall.c:6958:5: warning: no previous prototype for function 'sys_burrow_map_file_for_proc' [-Wmissing-prototypes]
 6958 | s64 sys_burrow_map_file_for_proc(struct Proc *p, u64 fd_raw, u64 offset,
      |     ^
/Users/northkillpd/projects/thylacine-corona/kernel/syscall.c:6958:1: note: declare 'static' if the function is not intended to be used outside of this translation unit
 6958 | s64 sys_burrow_map_file_for_proc(struct Proc *p, u64 fd_raw, u64 offset,
      | ^
      | static 
/Users/northkillpd/projects/thylacine-corona/kernel/syscall.c:7084:5: warning: no previous prototype for function 'sys_jit_create_region' [-Wmissing-prototypes]
 7084 | s64 sys_jit_create_region(struct Proc *p, u64 length_raw,
      |     ^
/Users/northkillpd/projects/thylacine-corona/kernel/syscall.c:7084:1: note: declare 'static' if the function is not intended to be used outside of this translation unit
 7084 | s64 sys_jit_create_region(struct Proc *p, u64 length_raw,
      | ^
      | static 
/Users/northkillpd/projects/thylacine-corona/kernel/syscall.c:7207:5: warning: no previous prototype for function 'sys_jit_create_for_proc' [-Wmissing-prototypes]
 7207 | s64 sys_jit_create_for_proc(struct Proc *p, u64 length_raw, u64 out_va) {
      |     ^
/Users/northkillpd/projects/thylacine-corona/kernel/syscall.c:7207:1: note: declare 'static' if the function is not intended to be used outside of this translation unit
 7207 | s64 sys_jit_create_for_proc(struct Proc *p, u64 length_raw, u64 out_va) {
      | ^
      | static 
/Users/northkillpd/projects/thylacine-corona/kernel/syscall.c:7376:5: warning: no previous prototype for function 'sys_icache_sync_for_proc' [-Wmissing-prototypes]
 7376 | s64 sys_icache_sync_for_proc(struct Proc *p, u64 vaddr, u64 length) {
      |     ^
/Users/northkillpd/projects/thylacine-corona/kernel/syscall.c:7376:1: note: declare 'static' if the function is not intended to be used outside of this translation unit
 7376 | s64 sys_icache_sync_for_proc(struct Proc *p, u64 vaddr, u64 length) {
      | ^
      | static 
/Users/northkillpd/projects/thylacine-corona/kernel/syscall.c:7458:5: warning: no previous prototype for function 'sys_weft_share_for_proc' [-Wmissing-prototypes]
 7458 | s64 sys_weft_share_for_proc(struct Proc *p, u64 ring_va, u64 ring_size_raw) {
      |     ^
/Users/northkillpd/projects/thylacine-corona/kernel/syscall.c:7458:1: note: declare 'static' if the function is not intended to be used outside of this translation unit
 7458 | s64 sys_weft_share_for_proc(struct Proc *p, u64 ring_va, u64 ring_size_raw) {
      | ^
      | static 
/Users/northkillpd/projects/thylacine-corona/kernel/syscall.c:7636:5: warning: no previous prototype for function 'sys_weft_map_for_proc' [-Wmissing-prototypes]
 7636 | s64 sys_weft_map_for_proc(struct Proc *p, hidx_t data_fd, u64 hint_va) {
      |     ^
/Users/northkillpd/projects/thylacine-corona/kernel/syscall.c:7636:1: note: declare 'static' if the function is not intended to be used outside of this translation unit
 7636 | s64 sys_weft_map_for_proc(struct Proc *p, hidx_t data_fd, u64 hint_va) {
      | ^
      | static 
/Users/northkillpd/projects/thylacine-corona/kernel/syscall.c:7674:5: warning: no previous prototype for function 'sys_weft_unshare_for_proc' [-Wmissing-prototypes]
 7674 | s64 sys_weft_unshare_for_proc(struct Proc *p, u64 share_id) {
      |     ^
/Users/northkillpd/projects/thylacine-corona/kernel/syscall.c:7674:1: note: declare 'static' if the function is not intended to be used outside of this translation unit
 7674 | s64 sys_weft_unshare_for_proc(struct Proc *p, u64 share_id) {
      | ^
      | static 
/Users/northkillpd/projects/thylacine-corona/kernel/syscall.c:8106:5: warning: no previous prototype for function 'sys_mount_for_proc' [-Wmissing-prototypes]
 8106 | int sys_mount_for_proc(struct Proc *p, hidx_t source_fd,
      |     ^
/Users/northkillpd/projects/thylacine-corona/kernel/syscall.c:8106:1: note: declare 'static' if the function is not intended to be used outside of this translation unit
 8106 | int sys_mount_for_proc(struct Proc *p, hidx_t source_fd,
      | ^
      | static 
/Users/northkillpd/projects/thylacine-corona/kernel/syscall.c:8154:5: warning: no previous prototype for function 'sys_unmount_for_proc' [-Wmissing-prototypes]
 8154 | int sys_unmount_for_proc(struct Proc *p, struct Spoor *mountpoint) {
      |     ^
/Users/northkillpd/projects/thylacine-corona/kernel/syscall.c:8154:1: note: declare 'static' if the function is not intended to be used outside of this translation unit
 8154 | int sys_unmount_for_proc(struct Proc *p, struct Spoor *mountpoint) {
      | ^
      | static 
/Users/northkillpd/projects/thylacine-corona/kernel/syscall.c:8244:5: warning: no previous prototype for function 'sys_mlockall_for_proc' [-Wmissing-prototypes]
 8244 | int sys_mlockall_for_proc(struct Proc *p, u32 flags) {
      |     ^
/Users/northkillpd/projects/thylacine-corona/kernel/syscall.c:8244:1: note: declare 'static' if the function is not intended to be used outside of this translation unit
 8244 | int sys_mlockall_for_proc(struct Proc *p, u32 flags) {
      | ^
      | static 
/Users/northkillpd/projects/thylacine-corona/kernel/syscall.c:8268:5: warning: no previous prototype for function 'sys_set_dumpable_for_proc' [-Wmissing-prototypes]
 8268 | int sys_set_dumpable_for_proc(struct Proc *p, u32 dumpable) {
      |     ^
/Users/northkillpd/projects/thylacine-corona/kernel/syscall.c:8268:1: note: declare 'static' if the function is not intended to be used outside of this translation unit
 8268 | int sys_set_dumpable_for_proc(struct Proc *p, u32 dumpable) {
      | ^
      | static 
/Users/northkillpd/projects/thylacine-corona/kernel/syscall.c:8294:5: warning: no previous prototype for function 'sys_set_traceable_for_proc' [-Wmissing-prototypes]
 8294 | int sys_set_traceable_for_proc(struct Proc *p, u32 traceable) {
      |     ^
/Users/northkillpd/projects/thylacine-corona/kernel/syscall.c:8294:1: note: declare 'static' if the function is not intended to be used outside of this translation unit
 8294 | int sys_set_traceable_for_proc(struct Proc *p, u32 traceable) {
      | ^
      | static 
/Users/northkillpd/projects/thylacine-corona/kernel/syscall.c:8596:5: warning: no previous prototype for function 'sys_spawn_for_proc' [-Wmissing-prototypes]
 8596 | int sys_spawn_for_proc(struct Proc *p, const char *name, size_t name_len) {
      |     ^
/Users/northkillpd/projects/thylacine-corona/kernel/syscall.c:8596:1: note: declare 'static' if the function is not intended to be used outside of this translation unit
 8596 | int sys_spawn_for_proc(struct Proc *p, const char *name, size_t name_len) {
      | ^
      | static 
/Users/northkillpd/projects/thylacine-corona/kernel/syscall.c:8780:5: warning: no previous prototype for function 'sys_spawn_with_fds_for_proc' [-Wmissing-prototypes]
 8780 | int sys_spawn_with_fds_for_proc(struct Proc *p, const char *name, size_t name_len,
      |     ^
/Users/northkillpd/projects/thylacine-corona/kernel/syscall.c:8780:1: note: declare 'static' if the function is not intended to be used outside of this translation unit
 8780 | int sys_spawn_with_fds_for_proc(struct Proc *p, const char *name, size_t name_len,
      | ^
      | static 
/Users/northkillpd/projects/thylacine-corona/kernel/syscall.c:8850:5: warning: no previous prototype for function 'sys_spawn_with_caps_for_proc' [-Wmissing-prototypes]
 8850 | int sys_spawn_with_caps_for_proc(struct Proc *p, const char *name, size_t name_len,
      |     ^
/Users/northkillpd/projects/thylacine-corona/kernel/syscall.c:8850:1: note: declare 'static' if the function is not intended to be used outside of this translation unit
 8850 | int sys_spawn_with_caps_for_proc(struct Proc *p, const char *name, size_t name_len,
      | ^
      | static 
/Users/northkillpd/projects/thylacine-corona/kernel/syscall.c:9000:5: warning: no previous prototype for function 'sys_spawn_full_for_proc' [-Wmissing-prototypes]
 9000 | int sys_spawn_full_for_proc(struct Proc *p, const char *name, size_t name_len,
      |     ^
/Users/northkillpd/projects/thylacine-corona/kernel/syscall.c:9000:1: note: declare 'static' if the function is not intended to be used outside of this translation unit
 9000 | int sys_spawn_full_for_proc(struct Proc *p, const char *name, size_t name_len,
      | ^
      | static 
/Users/northkillpd/projects/thylacine-corona/kernel/syscall.c:9024:5: warning: no previous prototype for function 'spawn_perm_grant_check' [-Wmissing-prototypes]
 9024 | int spawn_perm_grant_check(struct Proc *p, u32 perm_flags) {
      |     ^
/Users/northkillpd/projects/thylacine-corona/kernel/syscall.c:9024:1: note: declare 'static' if the function is not intended to be used outside of this translation unit
 9024 | int spawn_perm_grant_check(struct Proc *p, u32 perm_flags) {
      | ^
      | static 
/Users/northkillpd/projects/thylacine-corona/kernel/syscall.c:9133:5: warning: no previous prototype for function 'sys_spawn_with_perms_for_proc' [-Wmissing-prototypes]
 9133 | int sys_spawn_with_perms_for_proc(struct Proc *p,
      |     ^
/Users/northkillpd/projects/thylacine-corona/kernel/syscall.c:9133:1: note: declare 'static' if the function is not intended to be used outside of this translation unit
 9133 | int sys_spawn_with_perms_for_proc(struct Proc *p,
      | ^
      | static 
/Users/northkillpd/projects/thylacine-corona/kernel/syscall.c:9736:5: warning: no previous prototype for function 'sys_spawn_full_argv_debug_for_proc' [-Wmissing-prototypes]
 9736 | int sys_spawn_full_argv_debug_for_proc(struct Proc *p,
      |     ^
/Users/northkillpd/projects/thylacine-corona/kernel/syscall.c:9736:1: note: declare 'static' if the function is not intended to be used outside of this translation unit
 9736 | int sys_spawn_full_argv_debug_for_proc(struct Proc *p,
      | ^
      | static 
/Users/northkillpd/projects/thylacine-corona/kernel/syscall.c:9811:5: warning: no previous prototype for function 'sys_spawn_full_argv_budget_for_proc' [-Wmissing-prototypes]
 9811 | int sys_spawn_full_argv_budget_for_proc(struct Proc *p,
      |     ^
/Users/northkillpd/projects/thylacine-corona/kernel/syscall.c:9811:1: note: declare 'static' if the function is not intended to be used outside of this translation unit
 9811 | int sys_spawn_full_argv_budget_for_proc(struct Proc *p,
      | ^
      | static 
/Users/northkillpd/projects/thylacine-corona/kernel/syscall.c:9833:5: warning: no previous prototype for function 'sys_spawn_full_argv_identity_for_proc' [-Wmissing-prototypes]
 9833 | int sys_spawn_full_argv_identity_for_proc(struct Proc *p,
      |     ^
/Users/northkillpd/projects/thylacine-corona/kernel/syscall.c:9833:1: note: declare 'static' if the function is not intended to be used outside of this translation unit
 9833 | int sys_spawn_full_argv_identity_for_proc(struct Proc *p,
      | ^
      | static 
/Users/northkillpd/projects/thylacine-corona/kernel/syscall.c:9854:5: warning: no previous prototype for function 'sys_spawn_full_argv_for_proc' [-Wmissing-prototypes]
 9854 | int sys_spawn_full_argv_for_proc(struct Proc *p,
      |     ^
/Users/northkillpd/projects/thylacine-corona/kernel/syscall.c:9854:1: note: declare 'static' if the function is not intended to be used outside of this translation unit
 9854 | int sys_spawn_full_argv_for_proc(struct Proc *p,
      | ^
      | static 
/Users/northkillpd/projects/thylacine-corona/kernel/syscall.c:9896:5: warning: no previous prototype for function 'sys_spawn_full_argv_validate_req' [-Wmissing-prototypes]
 9896 | int sys_spawn_full_argv_validate_req(const struct sys_spawn_args *req) {
      |     ^
/Users/northkillpd/projects/thylacine-corona/kernel/syscall.c:9896:1: note: declare 'static' if the function is not intended to be used outside of this translation unit
 9896 | int sys_spawn_full_argv_validate_req(const struct sys_spawn_args *req) {
      | ^
      | static 
/Users/northkillpd/projects/thylacine-corona/kernel/syscall.c:10578:5: warning: no previous prototype for function 'sys_rfork_handler' [-Wmissing-prototypes]
 10578 | s64 sys_rfork_handler(struct exception_context *ctx) {
       |     ^
/Users/northkillpd/projects/thylacine-corona/kernel/syscall.c:10578:1: note: declare 'static' if the function is not intended to be used outside of this translation unit
 10578 | s64 sys_rfork_handler(struct exception_context *ctx) {
       | ^
       | static 
/Users/northkillpd/projects/thylacine-corona/kernel/syscall.c:10673:5: warning: no previous prototype for function 'sys_srv_accept_for_proc' [-Wmissing-prototypes]
 10673 | int sys_srv_accept_for_proc(struct Proc *p, hidx_t service_h) {
       |     ^
/Users/northkillpd/projects/thylacine-corona/kernel/syscall.c:10673:1: note: declare 'static' if the function is not intended to be used outside of this translation unit
 10673 | int sys_srv_accept_for_proc(struct Proc *p, hidx_t service_h) {
       | ^
       | static 
/Users/northkillpd/projects/thylacine-corona/kernel/syscall.c:10755:5: warning: no previous prototype for function 'sys_srv_peer_for_proc' [-Wmissing-prototypes]
 10755 | int sys_srv_peer_for_proc(struct Proc *p, hidx_t conn_h,
       |     ^
/Users/northkillpd/projects/thylacine-corona/kernel/syscall.c:10755:1: note: declare 'static' if the function is not intended to be used outside of this translation unit
 10755 | int sys_srv_peer_for_proc(struct Proc *p, hidx_t conn_h,
       | ^
       | static 
/Users/northkillpd/projects/thylacine-corona/kernel/syscall.c:11133:8: warning: no previous prototype for function 'sys_console_open_for_proc' [-Wmissing-prototypes]
 11133 | hidx_t sys_console_open_for_proc(struct Proc *p) {
       |        ^
/Users/northkillpd/projects/thylacine-corona/kernel/syscall.c:11133:1: note: declare 'static' if the function is not intended to be used outside of this translation unit
 11133 | hidx_t sys_console_open_for_proc(struct Proc *p) {
       | ^
       | static 
/Users/northkillpd/projects/thylacine-corona/kernel/syscall.c:13340:5: warning: no previous prototype for function 'viv_dirent64_encode_run' [-Wmissing-prototypes]
 13340 | u64 viv_dirent64_encode_run(const u8 *src, u64 src_len,
       |     ^
/Users/northkillpd/projects/thylacine-corona/kernel/syscall.c:13340:1: note: declare 'static' if the function is not intended to be used outside of this translation unit
 13340 | u64 viv_dirent64_encode_run(const u8 *src, u64 src_len,
       | ^
       | static 
68 warnings generated.
[ 22%] Building C object kernel/CMakeFiles/thylacine.elf.dir/joey.c.obj
clang: warning: argument unused during compilation: '-fstack-clash-protection' [-Wunused-command-line-argument]
[ 23%] Building C object kernel/CMakeFiles/thylacine.elf.dir/spoor.c.obj
clang: warning: argument unused during compilation: '-fstack-clash-protection' [-Wunused-command-line-argument]
[ 23%] Building C object kernel/CMakeFiles/thylacine.elf.dir/path.c.obj
clang: warning: argument unused during compilation: '-fstack-clash-protection' [-Wunused-command-line-argument]
[ 24%] Building C object kernel/CMakeFiles/thylacine.elf.dir/pts.c.obj
clang: warning: argument unused during compilation: '-fstack-clash-protection' [-Wunused-command-line-argument]
[ 24%] Building C object kernel/CMakeFiles/thylacine.elf.dir/stalk.c.obj
clang: warning: argument unused during compilation: '-fstack-clash-protection' [-Wunused-command-line-argument]
[ 25%] Building C object kernel/CMakeFiles/thylacine.elf.dir/dev.c.obj
clang: warning: argument unused during compilation: '-fstack-clash-protection' [-Wunused-command-line-argument]
[ 25%] Building C object kernel/CMakeFiles/thylacine.elf.dir/devnone.c.obj
clang: warning: argument unused during compilation: '-fstack-clash-protection' [-Wunused-command-line-argument]
[ 25%] Building C object kernel/CMakeFiles/thylacine.elf.dir/cons.c.obj
clang: warning: argument unused during compilation: '-fstack-clash-protection' [-Wunused-command-line-argument]
[ 26%] Building C object kernel/CMakeFiles/thylacine.elf.dir/null.c.obj
clang: warning: argument unused during compilation: '-fstack-clash-protection' [-Wunused-command-line-argument]
[ 26%] Building C object kernel/CMakeFiles/thylacine.elf.dir/zero.c.obj
clang: warning: argument unused during compilation: '-fstack-clash-protection' [-Wunused-command-line-argument]
[ 27%] Building C object kernel/CMakeFiles/thylacine.elf.dir/full.c.obj
clang: warning: argument unused during compilation: '-fstack-clash-protection' [-Wunused-command-line-argument]
[ 27%] Building C object kernel/CMakeFiles/thylacine.elf.dir/random.c.obj
clang: warning: argument unused during compilation: '-fstack-clash-protection' [-Wunused-command-line-argument]
[ 27%] Building C object kernel/CMakeFiles/thylacine.elf.dir/chacha20.c.obj
clang: warning: argument unused during compilation: '-fstack-clash-protection' [-Wunused-command-line-argument]
[ 28%] Building C object kernel/CMakeFiles/thylacine.elf.dir/devproc.c.obj
clang: warning: argument unused during compilation: '-fstack-clash-protection' [-Wunused-command-line-argument]
/Users/northkillpd/projects/thylacine-corona/kernel/devproc.c:1297:6: warning: no previous prototype for function 'devproc_kill_authorized' [-Wmissing-prototypes]
 1297 | bool devproc_kill_authorized(const struct Proc *caller, const struct Proc *target) {
      |      ^
/Users/northkillpd/projects/thylacine-corona/kernel/devproc.c:1297:1: note: declare 'static' if the function is not intended to be used outside of this translation unit
 1297 | bool devproc_kill_authorized(const struct Proc *caller, const struct Proc *target) {
      | ^
      | static 
/opt/homebrew/Cellar/llvm/22.1.4/lib/clang/22/include/stdbool.h:24:14: note: expanded from macro 'bool'
   24 | #define bool _Bool
      |              ^
/Users/northkillpd/projects/thylacine-corona/kernel/devproc.c:1568:6: warning: no previous prototype for function 'devproc_debug_authorized' [-Wmissing-prototypes]
 1568 | bool devproc_debug_authorized(const struct Proc *caller, const struct Proc *target) {
      |      ^
/Users/northkillpd/projects/thylacine-corona/kernel/devproc.c:1568:1: note: declare 'static' if the function is not intended to be used outside of this translation unit
 1568 | bool devproc_debug_authorized(const struct Proc *caller, const struct Proc *target) {
      | ^
      | static 
/opt/homebrew/Cellar/llvm/22.1.4/lib/clang/22/include/stdbool.h:24:14: note: expanded from macro 'bool'
   24 | #define bool _Bool
      |              ^
/Users/northkillpd/projects/thylacine-corona/kernel/devproc.c:1616:6: warning: no previous prototype for function 'devproc_park_state_is_settled' [-Wmissing-prototypes]
 1616 | bool devproc_park_state_is_settled(bool registered, bool on_cpu, int state) {
      |      ^
/Users/northkillpd/projects/thylacine-corona/kernel/devproc.c:1616:1: note: declare 'static' if the function is not intended to be used outside of this translation unit
 1616 | bool devproc_park_state_is_settled(bool registered, bool on_cpu, int state) {
      | ^
      | static 
/opt/homebrew/Cellar/llvm/22.1.4/lib/clang/22/include/stdbool.h:24:14: note: expanded from macro 'bool'
   24 | #define bool _Bool
      |              ^
/Users/northkillpd/projects/thylacine-corona/kernel/devproc.c:1620:6: warning: no previous prototype for function 'devproc_all_threads_parked' [-Wmissing-prototypes]
 1620 | bool devproc_all_threads_parked(struct Proc *target) {
      |      ^
/Users/northkillpd/projects/thylacine-corona/kernel/devproc.c:1620:1: note: declare 'static' if the function is not intended to be used outside of this translation unit
 1620 | bool devproc_all_threads_parked(struct Proc *target) {
      | ^
      | static 
/opt/homebrew/Cellar/llvm/22.1.4/lib/clang/22/include/stdbool.h:24:14: note: expanded from macro 'bool'
   24 | #define bool _Bool
      |              ^
/Users/northkillpd/projects/thylacine-corona/kernel/devproc.c:1762:16: warning: no previous prototype for function 'devproc_focus_thread' [-Wmissing-prototypes]
 1762 | struct Thread *devproc_focus_thread(struct Proc *target) {
      |                ^
/Users/northkillpd/projects/thylacine-corona/kernel/devproc.c:1762:1: note: declare 'static' if the function is not intended to be used outside of this translation unit
 1762 | struct Thread *devproc_focus_thread(struct Proc *target) {
      | ^
      | static 
5 warnings generated.
[ 28%] Building C object kernel/CMakeFiles/thylacine.elf.dir/devctl.c.obj
clang: warning: argument unused during compilation: '-fstack-clash-protection' [-Wunused-command-line-argument]
/Users/northkillpd/projects/thylacine-corona/kernel/devctl.c:840:6: warning: no previous prototype for function 'devctl_kernel_base_readable' [-Wmissing-prototypes]
  840 | bool devctl_kernel_base_readable(const struct Proc *caller) {
      |      ^
/Users/northkillpd/projects/thylacine-corona/kernel/devctl.c:840:1: note: declare 'static' if the function is not intended to be used outside of this translation unit
  840 | bool devctl_kernel_base_readable(const struct Proc *caller) {
      | ^
      | static 
/opt/homebrew/Cellar/llvm/22.1.4/lib/clang/22/include/stdbool.h:24:14: note: expanded from macro 'bool'
   24 | #define bool _Bool
      |              ^
1 warning generated.
[ 29%] Building C object kernel/CMakeFiles/thylacine.elf.dir/devramfs.c.obj
clang: warning: argument unused during compilation: '-fstack-clash-protection' [-Wunused-command-line-argument]
[ 29%] Building C object kernel/CMakeFiles/thylacine.elf.dir/devsrv.c.obj
clang: warning: argument unused during compilation: '-fstack-clash-protection' [-Wunused-command-line-argument]
/Users/northkillpd/projects/thylacine-corona/kernel/devsrv.c:702:6: warning: no previous prototype for function 'srv_registry_reset' [-Wmissing-prototypes]
  702 | void srv_registry_reset(void) {
      |      ^
/Users/northkillpd/projects/thylacine-corona/kernel/devsrv.c:702:1: note: declare 'static' if the function is not intended to be used outside of this translation unit
  702 | void srv_registry_reset(void) {
      | ^
      | static 
1 warning generated.
[ 30%] Building C object kernel/CMakeFiles/thylacine.elf.dir/devcap.c.obj
clang: warning: argument unused during compilation: '-fstack-clash-protection' [-Wunused-command-line-argument]
[ 30%] Building C object kernel/CMakeFiles/thylacine.elf.dir/devdev.c.obj
clang: warning: argument unused during compilation: '-fstack-clash-protection' [-Wunused-command-line-argument]
[ 30%] Building C object kernel/CMakeFiles/thylacine.elf.dir/devhw.c.obj
clang: warning: argument unused during compilation: '-fstack-clash-protection' [-Wunused-command-line-argument]
[ 31%] Building C object kernel/CMakeFiles/thylacine.elf.dir/devpci.c.obj
clang: warning: argument unused during compilation: '-fstack-clash-protection' [-Wunused-command-line-argument]
[ 31%] Building C object kernel/CMakeFiles/thylacine.elf.dir/devenv.c.obj
clang: warning: argument unused during compilation: '-fstack-clash-protection' [-Wunused-command-line-argument]
[ 32%] Building C object kernel/CMakeFiles/thylacine.elf.dir/env.c.obj
clang: warning: argument unused during compilation: '-fstack-clash-protection' [-Wunused-command-line-argument]
[ 32%] Building C object kernel/CMakeFiles/thylacine.elf.dir/cpio.c.obj
clang: warning: argument unused during compilation: '-fstack-clash-protection' [-Wunused-command-line-argument]
[ 33%] Building C object kernel/CMakeFiles/thylacine.elf.dir/virtio.c.obj
clang: warning: argument unused during compilation: '-fstack-clash-protection' [-Wunused-command-line-argument]
[ 33%] Building C object kernel/CMakeFiles/thylacine.elf.dir/virtio_pci.c.obj
clang: warning: argument unused during compilation: '-fstack-clash-protection' [-Wunused-command-line-argument]
[ 33%] Building C object kernel/CMakeFiles/thylacine.elf.dir/irqfwd.c.obj
clang: warning: argument unused during compilation: '-fstack-clash-protection' [-Wunused-command-line-argument]
[ 34%] Building C object kernel/CMakeFiles/thylacine.elf.dir/mmio_handle.c.obj
clang: warning: argument unused during compilation: '-fstack-clash-protection' [-Wunused-command-line-argument]
[ 34%] Building C object kernel/CMakeFiles/thylacine.elf.dir/pci_irq.c.obj
clang: warning: argument unused during compilation: '-fstack-clash-protection' [-Wunused-command-line-argument]
[ 35%] Building C object kernel/CMakeFiles/thylacine.elf.dir/pci_handle.c.obj
clang: warning: argument unused during compilation: '-fstack-clash-protection' [-Wunused-command-line-argument]
[ 35%] Building C object kernel/CMakeFiles/thylacine.elf.dir/dma_handle.c.obj
clang: warning: argument unused during compilation: '-fstack-clash-protection' [-Wunused-command-line-argument]
[ 36%] Building C object kernel/CMakeFiles/thylacine.elf.dir/9p_wire.c.obj
clang: warning: argument unused during compilation: '-fstack-clash-protection' [-Wunused-command-line-argument]
[ 36%] Building C object kernel/CMakeFiles/thylacine.elf.dir/9p_session.c.obj
clang: warning: argument unused during compilation: '-fstack-clash-protection' [-Wunused-command-line-argument]
[ 36%] Building C object kernel/CMakeFiles/thylacine.elf.dir/9p_transport.c.obj
clang: warning: argument unused during compilation: '-fstack-clash-protection' [-Wunused-command-line-argument]
[ 37%] Building C object kernel/CMakeFiles/thylacine.elf.dir/9p_client.c.obj
clang: warning: argument unused during compilation: '-fstack-clash-protection' [-Wunused-command-line-argument]
[ 37%] Building C object kernel/CMakeFiles/thylacine.elf.dir/larder.c.obj
clang: warning: argument unused during compilation: '-fstack-clash-protection' [-Wunused-command-line-argument]
[ 38%] Building C object kernel/CMakeFiles/thylacine.elf.dir/dev9p.c.obj
clang: warning: argument unused during compilation: '-fstack-clash-protection' [-Wunused-command-line-argument]
[ 38%] Building C object kernel/CMakeFiles/thylacine.elf.dir/dev9p_poll.c.obj
clang: warning: argument unused during compilation: '-fstack-clash-protection' [-Wunused-command-line-argument]
[ 38%] Building C object kernel/CMakeFiles/thylacine.elf.dir/9p_attach.c.obj
clang: warning: argument unused during compilation: '-fstack-clash-protection' [-Wunused-command-line-argument]
[ 39%] Building C object kernel/CMakeFiles/thylacine.elf.dir/9p_spoor_transport.c.obj
clang: warning: argument unused during compilation: '-fstack-clash-protection' [-Wunused-command-line-argument]
[ 39%] Building C object kernel/CMakeFiles/thylacine.elf.dir/9p_srvconn_transport.c.obj
clang: warning: argument unused during compilation: '-fstack-clash-protection' [-Wunused-command-line-argument]
[ 40%] Building C object kernel/CMakeFiles/thylacine.elf.dir/pipe.c.obj
clang: warning: argument unused during compilation: '-fstack-clash-protection' [-Wunused-command-line-argument]
[ 40%] Building C object kernel/CMakeFiles/thylacine.elf.dir/poll.c.obj
clang: warning: argument unused during compilation: '-fstack-clash-protection' [-Wunused-command-line-argument]
[ 41%] Building C object kernel/CMakeFiles/thylacine.elf.dir/srvconn.c.obj
clang: warning: argument unused during compilation: '-fstack-clash-protection' [-Wunused-command-line-argument]
[ 41%] Building C object kernel/CMakeFiles/thylacine.elf.dir/torpor.c.obj
clang: warning: argument unused during compilation: '-fstack-clash-protection' [-Wunused-command-line-argument]
[ 41%] Building C object kernel/CMakeFiles/thylacine.elf.dir/notes.c.obj
clang: warning: argument unused during compilation: '-fstack-clash-protection' [-Wunused-command-line-argument]
[ 42%] Building C object kernel/CMakeFiles/thylacine.elf.dir/devnotes.c.obj
clang: warning: argument unused during compilation: '-fstack-clash-protection' [-Wunused-command-line-argument]
[ 42%] Building C object kernel/CMakeFiles/thylacine.elf.dir/__/generated/halls_symtab.c.obj
clang: warning: argument unused during compilation: '-fstack-clash-protection' [-Wunused-command-line-argument]
[ 43%] Building C object kernel/CMakeFiles/thylacine.elf.dir/test/test.c.obj
clang: warning: argument unused during compilation: '-fstack-clash-protection' [-Wunused-command-line-argument]
[ 43%] Building C object kernel/CMakeFiles/thylacine.elf.dir/test/test_kaslr.c.obj
clang: warning: argument unused during compilation: '-fstack-clash-protection' [-Wunused-command-line-argument]
/Users/northkillpd/projects/thylacine-corona/kernel/test/test_kaslr.c:25:6: warning: no previous prototype for function 'test_kaslr_mix64_avalanche' [-Wmissing-prototypes]
   25 | void test_kaslr_mix64_avalanche(void) {
      |      ^
/Users/northkillpd/projects/thylacine-corona/kernel/test/test_kaslr.c:25:1: note: declare 'static' if the function is not intended to be used outside of this translation unit
   25 | void test_kaslr_mix64_avalanche(void) {
      | ^
      | static 
1 warning generated.
[ 44%] Building C object kernel/CMakeFiles/thylacine.elf.dir/test/test_dtb.c.obj
clang: warning: argument unused during compilation: '-fstack-clash-protection' [-Wunused-command-line-argument]
/Users/northkillpd/projects/thylacine-corona/kernel/test/test_dtb.c:19:6: warning: no previous prototype for function 'test_dtb_chosen_kaslr_seed_present' [-Wmissing-prototypes]
   19 | void test_dtb_chosen_kaslr_seed_present(void) {
      |      ^
/Users/northkillpd/projects/thylacine-corona/kernel/test/test_dtb.c:19:1: note: declare 'static' if the function is not intended to be used outside of this translation unit
   19 | void test_dtb_chosen_kaslr_seed_present(void) {
      | ^
      | static 
/Users/northkillpd/projects/thylacine-corona/kernel/test/test_dtb.c:43:6: warning: no previous prototype for function 'test_dtb_pci_intx_route' [-Wmissing-prototypes]
   43 | void test_dtb_pci_intx_route(void) {
      |      ^
/Users/northkillpd/projects/thylacine-corona/kernel/test/test_dtb.c:43:1: note: declare 'static' if the function is not intended to be used outside of this translation unit
   43 | void test_dtb_pci_intx_route(void) {
      | ^
      | static 
/Users/northkillpd/projects/thylacine-corona/kernel/test/test_dtb.c:74:6: warning: no previous prototype for function 'test_dtb_pci_intid_is_level' [-Wmissing-prototypes]
   74 | void test_dtb_pci_intid_is_level(void) {
      |      ^
/Users/northkillpd/projects/thylacine-corona/kernel/test/test_dtb.c:74:1: note: declare 'static' if the function is not intended to be used outside of this translation unit
   74 | void test_dtb_pci_intid_is_level(void) {
      | ^
      | static 
/Users/northkillpd/projects/thylacine-corona/kernel/test/test_dtb.c:103:6: warning: no previous prototype for function 'test_dtb_pci_mem_window' [-Wmissing-prototypes]
  103 | void test_dtb_pci_mem_window(void) {
      |      ^
/Users/northkillpd/projects/thylacine-corona/kernel/test/test_dtb.c:103:1: note: declare 'static' if the function is not intended to be used outside of this translation unit
  103 | void test_dtb_pci_mem_window(void) {
      | ^
      | static 
/Users/northkillpd/projects/thylacine-corona/kernel/test/test_dtb.c:135:6: warning: no previous prototype for function 'test_dtb_pci_mem_window64' [-Wmissing-prototypes]
  135 | void test_dtb_pci_mem_window64(void) {
      |      ^
/Users/northkillpd/projects/thylacine-corona/kernel/test/test_dtb.c:135:1: note: declare 'static' if the function is not intended to be used outside of this translation unit
  135 | void test_dtb_pci_mem_window64(void) {
      | ^
      | static 
/Users/northkillpd/projects/thylacine-corona/kernel/test/test_dtb.c:169:6: warning: no previous prototype for function 'test_dtb_msi_map_bounds' [-Wmissing-prototypes]
  169 | void test_dtb_msi_map_bounds(void) {
      |      ^
/Users/northkillpd/projects/thylacine-corona/kernel/test/test_dtb.c:169:1: note: declare 'static' if the function is not intended to be used outside of this translation unit
  169 | void test_dtb_msi_map_bounds(void) {
      | ^
      | static 
/Users/northkillpd/projects/thylacine-corona/kernel/test/test_dtb.c:197:6: warning: no previous prototype for function 'test_dtb_pci_msi_route' [-Wmissing-prototypes]
  197 | void test_dtb_pci_msi_route(void) {
      |      ^
/Users/northkillpd/projects/thylacine-corona/kernel/test/test_dtb.c:197:1: note: declare 'static' if the function is not intended to be used outside of this translation unit
  197 | void test_dtb_pci_msi_route(void) {
      | ^
      | static 
7 warnings generated.
[ 44%] Building C object kernel/CMakeFiles/thylacine.elf.dir/test/test_phys.c.obj
clang: warning: argument unused during compilation: '-fstack-clash-protection' [-Wunused-command-line-argument]
/Users/northkillpd/projects/thylacine-corona/kernel/test/test_phys.c:17:6: warning: no previous prototype for function 'test_phys_alloc_smoke' [-Wmissing-prototypes]
   17 | void test_phys_alloc_smoke(void) {
      |      ^
/Users/northkillpd/projects/thylacine-corona/kernel/test/test_phys.c:17:1: note: declare 'static' if the function is not intended to be used outside of this translation unit
   17 | void test_phys_alloc_smoke(void) {
      | ^
      | static 
/Users/northkillpd/projects/thylacine-corona/kernel/test/test_phys.c:74:6: warning: no previous prototype for function 'test_phys_leak_10k' [-Wmissing-prototypes]
   74 | void test_phys_leak_10k(void) {
      |      ^
/Users/northkillpd/projects/thylacine-corona/kernel/test/test_phys.c:74:1: note: declare 'static' if the function is not intended to be used outside of this translation unit
   74 | void test_phys_leak_10k(void) {
      | ^
      | static 
2 warnings generated.
[ 44%] Building C object kernel/CMakeFiles/thylacine.elf.dir/test/test_slub.c.obj
clang: warning: argument unused during compilation: '-fstack-clash-protection' [-Wunused-command-line-argument]
/Users/northkillpd/projects/thylacine-corona/kernel/test/test_slub.c:23:6: warning: no previous prototype for function 'test_slub_kmem_smoke' [-Wmissing-prototypes]
   23 | void test_slub_kmem_smoke(void) {
      |      ^
/Users/northkillpd/projects/thylacine-corona/kernel/test/test_slub.c:23:1: note: declare 'static' if the function is not intended to be used outside of this translation unit
   23 | void test_slub_kmem_smoke(void) {
      | ^
      | static 
/Users/northkillpd/projects/thylacine-corona/kernel/test/test_slub.c:76:6: warning: no previous prototype for function 'test_slub_kmalloc_overflow_guard' [-Wmissing-prototypes]
   76 | void test_slub_kmalloc_overflow_guard(void) {
      |      ^
/Users/northkillpd/projects/thylacine-corona/kernel/test/test_slub.c:76:1: note: declare 'static' if the function is not intended to be used outside of this translation unit
   76 | void test_slub_kmalloc_overflow_guard(void) {
      | ^
      | static 
/Users/northkillpd/projects/thylacine-corona/kernel/test/test_slub.c:105:6: warning: no previous prototype for function 'test_slub_cache_destroy_guards' [-Wmissing-prototypes]
  105 | void test_slub_cache_destroy_guards(void) {
      |      ^
/Users/northkillpd/projects/thylacine-corona/kernel/test/test_slub.c:105:1: note: declare 'static' if the function is not intended to be used outside of this translation unit
  105 | void test_slub_cache_destroy_guards(void) {
      | ^
      | static 
/Users/northkillpd/projects/thylacine-corona/kernel/test/test_slub.c:151:6: warning: no previous prototype for function 'test_slub_leak_10k' [-Wmissing-prototypes]
  151 | void test_slub_leak_10k(void) {
      |      ^
/Users/northkillpd/projects/thylacine-corona/kernel/test/test_slub.c:151:1: note: declare 'static' if the function is not intended to be used outside of this translation unit
  151 | void test_slub_leak_10k(void) {
      | ^
      | static 
4 warnings generated.
[ 45%] Building C object kernel/CMakeFiles/thylacine.elf.dir/test/test_gic.c.obj
clang: warning: argument unused during compilation: '-fstack-clash-protection' [-Wunused-command-line-argument]
/Users/northkillpd/projects/thylacine-corona/kernel/test/test_gic.c:17:6: warning: no previous prototype for function 'test_gic_init_smoke' [-Wmissing-prototypes]
   17 | void test_gic_init_smoke(void) {
      |      ^
/Users/northkillpd/projects/thylacine-corona/kernel/test/test_gic.c:17:1: note: declare 'static' if the function is not intended to be used outside of this translation unit
   17 | void test_gic_init_smoke(void) {
      | ^
      | static 
/Users/northkillpd/projects/thylacine-corona/kernel/test/test_gic.c:45:6: warning: no previous prototype for function 'test_gic_cpu_irq_counter_geometry' [-Wmissing-prototypes]
   45 | void test_gic_cpu_irq_counter_geometry(void) {
      |      ^
/Users/northkillpd/projects/thylacine-corona/kernel/test/test_gic.c:45:1: note: declare 'static' if the function is not intended to be used outside of this translation unit
   45 | void test_gic_cpu_irq_counter_geometry(void) {
      | ^
      | static 
/Users/northkillpd/projects/thylacine-corona/kernel/test/test_gic.c:90:6: warning: no previous prototype for function 'test_gic_irq_barrier' [-Wmissing-prototypes]
   90 | void test_gic_irq_barrier(void) {
      |      ^
/Users/northkillpd/projects/thylacine-corona/kernel/test/test_gic.c:90:1: note: declare 'static' if the function is not intended to be used outside of this translation unit
   90 | void test_gic_irq_barrier(void) {
      | ^
      | static 
3 warnings generated.
[ 45%] Building C object kernel/CMakeFiles/thylacine.elf.dir/test/test_timer.c.obj
clang: warning: argument unused during compilation: '-fstack-clash-protection' [-Wunused-command-line-argument]
/Users/northkillpd/projects/thylacine-corona/kernel/test/test_timer.c:19:6: warning: no previous prototype for function 'test_timer_tick_increments' [-Wmissing-prototypes]
   19 | void test_timer_tick_increments(void) {
      |      ^
/Users/northkillpd/projects/thylacine-corona/kernel/test/test_timer.c:19:1: note: declare 'static' if the function is not intended to be used outside of this translation unit
   19 | void test_timer_tick_increments(void) {
      | ^
      | static 
/Users/northkillpd/projects/thylacine-corona/kernel/test/test_timer.c:37:6: warning: no previous prototype for function 'test_timer_oneshot_tval_clamps' [-Wmissing-prototypes]
   37 | void test_timer_oneshot_tval_clamps(void) {
      |      ^
/Users/northkillpd/projects/thylacine-corona/kernel/test/test_timer.c:37:1: note: declare 'static' if the function is not intended to be used outside of this translation unit
   37 | void test_timer_oneshot_tval_clamps(void) {
      | ^
      | static 
/Users/northkillpd/projects/thylacine-corona/kernel/test/test_timer.c:75:6: warning: no previous prototype for function 'test_timer_arm_oneshot_restores' [-Wmissing-prototypes]
   75 | void test_timer_arm_oneshot_restores(void) {
      |      ^
/Users/northkillpd/projects/thylacine-corona/kernel/test/test_timer.c:75:1: note: declare 'static' if the function is not intended to be used outside of this translation unit
   75 | void test_timer_arm_oneshot_restores(void) {
      | ^
      | static 
3 warnings generated.
[ 46%] Building C object kernel/CMakeFiles/thylacine.elf.dir/test/test_clock.c.obj
clang: warning: argument unused during compilation: '-fstack-clash-protection' [-Wunused-command-line-argument]
/Users/northkillpd/projects/thylacine-corona/kernel/test/test_clock.c:28:6: warning: no previous prototype for function 'test_clock_monotonic_advances' [-Wmissing-prototypes]
   28 | void test_clock_monotonic_advances(void) {
      |      ^
/Users/northkillpd/projects/thylacine-corona/kernel/test/test_clock.c:28:1: note: declare 'static' if the function is not intended to be used outside of this translation unit
   28 | void test_clock_monotonic_advances(void) {
      | ^
      | static 
/Users/northkillpd/projects/thylacine-corona/kernel/test/test_clock.c:35:6: warning: no previous prototype for function 'test_clock_realtime_anchored' [-Wmissing-prototypes]
   35 | void test_clock_realtime_anchored(void) {
      |      ^
/Users/northkillpd/projects/thylacine-corona/kernel/test/test_clock.c:35:1: note: declare 'static' if the function is not intended to be used outside of this translation unit
   35 | void test_clock_realtime_anchored(void) {
      | ^
      | static 
/Users/northkillpd/projects/thylacine-corona/kernel/test/test_clock.c:57:6: warning: no previous prototype for function 'test_clock_wallclock_offset_math' [-Wmissing-prototypes]
   57 | void test_clock_wallclock_offset_math(void) {
      |      ^
/Users/northkillpd/projects/thylacine-corona/kernel/test/test_clock.c:57:1: note: declare 'static' if the function is not intended to be used outside of this translation unit
   57 | void test_clock_wallclock_offset_math(void) {
      | ^
      | static 
/Users/northkillpd/projects/thylacine-corona/kernel/test/test_clock.c:76:6: warning: no previous prototype for function 'test_clock_identity_syscalls' [-Wmissing-prototypes]
   76 | void test_clock_identity_syscalls(void) {
      |      ^
/Users/northkillpd/projects/thylacine-corona/kernel/test/test_clock.c:76:1: note: declare 'static' if the function is not intended to be used outside of this translation unit
   76 | void test_clock_identity_syscalls(void) {
      | ^
      | static 
/Users/northkillpd/projects/thylacine-corona/kernel/test/test_clock.c:93:6: warning: no previous prototype for function 'test_clock_gettime_errors' [-Wmissing-prototypes]
   93 | void test_clock_gettime_errors(void) {
      |      ^
/Users/northkillpd/projects/thylacine-corona/kernel/test/test_clock.c:93:1: note: declare 'static' if the function is not intended to be used outside of this translation unit
   93 | void test_clock_gettime_errors(void) {
      | ^
      | static 
/Users/northkillpd/projects/thylacine-corona/kernel/test/test_clock.c:110:6: warning: no previous prototype for function 'test_clock_settime_reanchors' [-Wmissing-prototypes]
  110 | void test_clock_settime_reanchors(void) {
      |      ^
/Users/northkillpd/projects/thylacine-corona/kernel/test/test_clock.c:110:1: note: declare 'static' if the function is not intended to be used outside of this translation unit
  110 | void test_clock_settime_reanchors(void) {
      | ^
      | static 
/Users/northkillpd/projects/thylacine-corona/kernel/test/test_clock.c:138:6: warning: no previous prototype for function 'test_clock_settime_cap_gate' [-Wmissing-prototypes]
  138 | void test_clock_settime_cap_gate(void) {
      |      ^
/Users/northkillpd/projects/thylacine-corona/kernel/test/test_clock.c:138:1: note: declare 'static' if the function is not intended to be used outside of this translation unit
  138 | void test_clock_settime_cap_gate(void) {
      | ^
      | static 
7 warnings generated.
[ 46%] Building C object kernel/CMakeFiles/thylacine.elf.dir/test/test_extinction.c.obj
clang: warning: argument unused during compilation: '-fstack-clash-protection' [-Wunused-command-line-argument]
[ 47%] Building C object kernel/CMakeFiles/thylacine.elf.dir/test/test_hardening.c.obj
clang: warning: argument unused during compilation: '-fstack-clash-protection' [-Wunused-command-line-argument]
/Users/northkillpd/projects/thylacine-corona/kernel/test/test_hardening.c:32:6: warning: no previous prototype for function 'test_hardening_detect_smoke' [-Wmissing-prototypes]
   32 | void test_hardening_detect_smoke(void) {
      |      ^
/Users/northkillpd/projects/thylacine-corona/kernel/test/test_hardening.c:32:1: note: declare 'static' if the function is not intended to be used outside of this translation unit
   32 | void test_hardening_detect_smoke(void) {
      | ^
      | static 
1 warning generated.
[ 47%] Building C object kernel/CMakeFiles/thylacine.elf.dir/test/test_hwdebug.c.obj
clang: warning: argument unused during compilation: '-fstack-clash-protection' [-Wunused-command-line-argument]
[ 47%] Building C object kernel/CMakeFiles/thylacine.elf.dir/test/test_alternatives.c.obj
clang: warning: argument unused during compilation: '-fstack-clash-protection' [-Wunused-command-line-argument]
/Users/northkillpd/projects/thylacine-corona/kernel/test/test_alternatives.c:22:6: warning: no previous prototype for function 'test_alternatives_patch_applied' [-Wmissing-prototypes]
   22 | void test_alternatives_patch_applied(void) {
      |      ^
/Users/northkillpd/projects/thylacine-corona/kernel/test/test_alternatives.c:22:1: note: declare 'static' if the function is not intended to be used outside of this translation unit
   22 | void test_alternatives_patch_applied(void) {
      | ^
      | static 
/Users/northkillpd/projects/thylacine-corona/kernel/test/test_alternatives.c:41:6: warning: no previous prototype for function 'test_alternatives_atomics_correct' [-Wmissing-prototypes]
   41 | void test_alternatives_atomics_correct(void) {
      |      ^
/Users/northkillpd/projects/thylacine-corona/kernel/test/test_alternatives.c:41:1: note: declare 'static' if the function is not intended to be used outside of this translation unit
   41 | void test_alternatives_atomics_correct(void) {
      | ^
      | static 
2 warnings generated.
[ 48%] Building C object kernel/CMakeFiles/thylacine.elf.dir/test/test_context.c.obj
clang: warning: argument unused during compilation: '-fstack-clash-protection' [-Wunused-command-line-argument]
/Users/northkillpd/projects/thylacine-corona/kernel/test/test_context.c:38:6: warning: no previous prototype for function 'test_context_create_destroy' [-Wmissing-prototypes]
   38 | void test_context_create_destroy(void) {
      |      ^
/Users/northkillpd/projects/thylacine-corona/kernel/test/test_context.c:38:1: note: declare 'static' if the function is not intended to be used outside of this translation unit
   38 | void test_context_create_destroy(void) {
      | ^
      | static 
/Users/northkillpd/projects/thylacine-corona/kernel/test/test_context.c:67:6: warning: no previous prototype for function 'test_context_round_trip' [-Wmissing-prototypes]
   67 | void test_context_round_trip(void) {
      |      ^
/Users/northkillpd/projects/thylacine-corona/kernel/test/test_context.c:67:1: note: declare 'static' if the function is not intended to be used outside of this translation unit
   67 | void test_context_round_trip(void) {
      | ^
      | static 
/Users/northkillpd/projects/thylacine-corona/kernel/test/test_context.c:114:6: warning: no previous prototype for function 'test_context_switch_irq_safe' [-Wmissing-prototypes]
  114 | void test_context_switch_irq_safe(void) {
      |      ^
/Users/northkillpd/projects/thylacine-corona/kernel/test/test_context.c:114:1: note: declare 'static' if the function is not intended to be used outside of this translation unit
  114 | void test_context_switch_irq_safe(void) {
      | ^
      | static 
3 warnings generated.
[ 48%] Building C object kernel/CMakeFiles/thylacine.elf.dir/test/test_fp.c.obj
clang: warning: argument unused during compilation: '-fstack-clash-protection' [-Wunused-command-line-argument]
/Users/northkillpd/projects/thylacine-corona/kernel/test/test_fp.c:132:6: warning: no previous prototype for function 'test_fp_cpacr_enabled' [-Wmissing-prototypes]
  132 | void test_fp_cpacr_enabled(void) {
      |      ^
/Users/northkillpd/projects/thylacine-corona/kernel/test/test_fp.c:132:1: note: declare 'static' if the function is not intended to be used outside of this translation unit
  132 | void test_fp_cpacr_enabled(void) {
      | ^
      | static 
/Users/northkillpd/projects/thylacine-corona/kernel/test/test_fp.c:156:6: warning: no previous prototype for function 'test_fp_round_trip_v_regs_fpsr_fpcr' [-Wmissing-prototypes]
  156 | void test_fp_round_trip_v_regs_fpsr_fpcr(void) {
      |      ^
/Users/northkillpd/projects/thylacine-corona/kernel/test/test_fp.c:156:1: note: declare 'static' if the function is not intended to be used outside of this translation unit
  156 | void test_fp_round_trip_v_regs_fpsr_fpcr(void) {
      | ^
      | static 
2 warnings generated.
[ 49%] Building C object kernel/CMakeFiles/thylacine.elf.dir/test/test_sched.c.obj
clang: warning: argument unused during compilation: '-fstack-clash-protection' [-Wunused-command-line-argument]
/Users/northkillpd/projects/thylacine-corona/kernel/test/test_sched.c:53:6: warning: no previous prototype for function 'test_sched_dispatch_smoke' [-Wmissing-prototypes]
   53 | void test_sched_dispatch_smoke(void) {
      |      ^
/Users/northkillpd/projects/thylacine-corona/kernel/test/test_sched.c:53:1: note: declare 'static' if the function is not intended to be used outside of this translation unit
   53 | void test_sched_dispatch_smoke(void) {
      | ^
      | static 
/Users/northkillpd/projects/thylacine-corona/kernel/test/test_sched.c:149:6: warning: no previous prototype for function 'test_sched_preemption_smoke' [-Wmissing-prototypes]
  149 | void test_sched_preemption_smoke(void) {
      |      ^
/Users/northkillpd/projects/thylacine-corona/kernel/test/test_sched.c:149:1: note: declare 'static' if the function is not intended to be used outside of this translation unit
  149 | void test_sched_preemption_smoke(void) {
      | ^
      | static 
/Users/northkillpd/projects/thylacine-corona/kernel/test/test_sched.c:214:6: warning: no previous prototype for function 'test_sched_runnable_count' [-Wmissing-prototypes]
  214 | void test_sched_runnable_count(void) {
      |      ^
/Users/northkillpd/projects/thylacine-corona/kernel/test/test_sched.c:214:1: note: declare 'static' if the function is not intended to be used outside of this translation unit
  214 | void test_sched_runnable_count(void) {
      | ^
      | static 
/Users/northkillpd/projects/thylacine-corona/kernel/test/test_sched.c:248:6: warning: no previous prototype for function 'test_sched_runnable_count_excludes_idle' [-Wmissing-prototypes]
  248 | void test_sched_runnable_count_excludes_idle(void) {
      |      ^
/Users/northkillpd/projects/thylacine-corona/kernel/test/test_sched.c:248:1: note: declare 'static' if the function is not intended to be used outside of this translation unit
  248 | void test_sched_runnable_count_excludes_idle(void) {
      | ^
      | static 
/Users/northkillpd/projects/thylacine-corona/kernel/test/test_sched.c:296:6: warning: no previous prototype for function 'test_sched_idle_in_wfi_observability' [-Wmissing-prototypes]
  296 | void test_sched_idle_in_wfi_observability(void) {
      |      ^
/Users/northkillpd/projects/thylacine-corona/kernel/test/test_sched.c:296:1: note: declare 'static' if the function is not intended to be used outside of this translation unit
  296 | void test_sched_idle_in_wfi_observability(void) {
      | ^
      | static 
/Users/northkillpd/projects/thylacine-corona/kernel/test/test_sched.c:368:6: warning: no previous prototype for function 'test_sched_notify_idle_peer_smoke' [-Wmissing-prototypes]
  368 | void test_sched_notify_idle_peer_smoke(void) {
      |      ^
/Users/northkillpd/projects/thylacine-corona/kernel/test/test_sched.c:368:1: note: declare 'static' if the function is not intended to be used outside of this translation unit
  368 | void test_sched_notify_idle_peer_smoke(void) {
      | ^
      | static 
/Users/northkillpd/projects/thylacine-corona/kernel/test/test_sched.c:512:6: warning: no previous prototype for function 'test_sched_notify_disabled_no_ipi' [-Wmissing-prototypes]
  512 | void test_sched_notify_disabled_no_ipi(void) {
      |      ^
/Users/northkillpd/projects/thylacine-corona/kernel/test/test_sched.c:512:1: note: declare 'static' if the function is not intended to be used outside of this translation unit
  512 | void test_sched_notify_disabled_no_ipi(void) {
      | ^
      | static 
/Users/northkillpd/projects/thylacine-corona/kernel/test/test_sched.c:570:6: warning: no previous prototype for function 'test_sched_capacity_normalize_synthetic_dtb' [-Wmissing-prototypes]
  570 | void test_sched_capacity_normalize_synthetic_dtb(void) {
      |      ^
/Users/northkillpd/projects/thylacine-corona/kernel/test/test_sched.c:570:1: note: declare 'static' if the function is not intended to be used outside of this translation unit
  570 | void test_sched_capacity_normalize_synthetic_dtb(void) {
      | ^
      | static 
/Users/northkillpd/projects/thylacine-corona/kernel/test/test_sched.c:629:6: warning: no previous prototype for function 'test_sched_place_by_capacity_synthetic_dtb' [-Wmissing-prototypes]
  629 | void test_sched_place_by_capacity_synthetic_dtb(void) {
      |      ^
/Users/northkillpd/projects/thylacine-corona/kernel/test/test_sched.c:629:1: note: declare 'static' if the function is not intended to be used outside of this translation unit
  629 | void test_sched_place_by_capacity_synthetic_dtb(void) {
      | ^
      | static 
/Users/northkillpd/projects/thylacine-corona/kernel/test/test_sched.c:670:6: warning: no previous prototype for function 'test_sched_select_target_cpu_homogeneous_is_prev' [-Wmissing-prototypes]
  670 | void test_sched_select_target_cpu_homogeneous_is_prev(void) {
      |      ^
/Users/northkillpd/projects/thylacine-corona/kernel/test/test_sched.c:670:1: note: declare 'static' if the function is not intended to be used outside of this translation unit
  670 | void test_sched_select_target_cpu_homogeneous_is_prev(void) {
      | ^
      | static 
/Users/northkillpd/projects/thylacine-corona/kernel/test/test_sched.c:704:6: warning: no previous prototype for function 'test_sched_ready_on_cross_cpu_enqueue' [-Wmissing-prototypes]
  704 | void test_sched_ready_on_cross_cpu_enqueue(void) {
      |      ^
/Users/northkillpd/projects/thylacine-corona/kernel/test/test_sched.c:704:1: note: declare 'static' if the function is not intended to be used outside of this translation unit
  704 | void test_sched_ready_on_cross_cpu_enqueue(void) {
      | ^
      | static 
/Users/northkillpd/projects/thylacine-corona/kernel/test/test_sched.c:754:6: warning: no previous prototype for function 'test_sched_cpu_surplus_for_kick' [-Wmissing-prototypes]
  754 | void test_sched_cpu_surplus_for_kick(void) {
      |      ^
/Users/northkillpd/projects/thylacine-corona/kernel/test/test_sched.c:754:1: note: declare 'static' if the function is not intended to be used outside of this translation unit
  754 | void test_sched_cpu_surplus_for_kick(void) {
      | ^
      | static 
/Users/northkillpd/projects/thylacine-corona/kernel/test/test_sched.c:793:6: warning: no previous prototype for function 'test_sched_yield_fast_path_no_work' [-Wmissing-prototypes]
  793 | void test_sched_yield_fast_path_no_work(void) {
      |      ^
/Users/northkillpd/projects/thylacine-corona/kernel/test/test_sched.c:793:1: note: declare 'static' if the function is not intended to be used outside of this translation unit
  793 | void test_sched_yield_fast_path_no_work(void) {
      | ^
      | static 
/Users/northkillpd/projects/thylacine-corona/kernel/test/test_sched.c:826:6: warning: no previous prototype for function 'test_sched_yield_dispatches_queued_work' [-Wmissing-prototypes]
  826 | void test_sched_yield_dispatches_queued_work(void) {
      |      ^
/Users/northkillpd/projects/thylacine-corona/kernel/test/test_sched.c:826:1: note: declare 'static' if the function is not intended to be used outside of this translation unit
  826 | void test_sched_yield_dispatches_queued_work(void) {
      | ^
      | static 
/Users/northkillpd/projects/thylacine-corona/kernel/test/test_sched.c:868:6: warning: no previous prototype for function 'test_sched_ready_on_clamps_stale_vd' [-Wmissing-prototypes]
  868 | void test_sched_ready_on_clamps_stale_vd(void) {
      |      ^
/Users/northkillpd/projects/thylacine-corona/kernel/test/test_sched.c:868:1: note: declare 'static' if the function is not intended to be used outside of this translation unit
  868 | void test_sched_ready_on_clamps_stale_vd(void) {
      | ^
      | static 
/Users/northkillpd/projects/thylacine-corona/kernel/test/test_sched.c:916:6: warning: no previous prototype for function 'test_sched_wake_preempts_policy' [-Wmissing-prototypes]
  916 | void test_sched_wake_preempts_policy(void) {
      |      ^
/Users/northkillpd/projects/thylacine-corona/kernel/test/test_sched.c:916:1: note: declare 'static' if the function is not intended to be used outside of this translation unit
  916 | void test_sched_wake_preempts_policy(void) {
      | ^
      | static 
/Users/northkillpd/projects/thylacine-corona/kernel/test/test_sched.c:952:6: warning: no previous prototype for function 'test_sched_wake_preempt_same_cpu' [-Wmissing-prototypes]
  952 | void test_sched_wake_preempt_same_cpu(void) {
      |      ^
/Users/northkillpd/projects/thylacine-corona/kernel/test/test_sched.c:952:1: note: declare 'static' if the function is not intended to be used outside of this translation unit
  952 | void test_sched_wake_preempt_same_cpu(void) {
      | ^
      | static 
/Users/northkillpd/projects/thylacine-corona/kernel/test/test_sched.c:1006:6: warning: no previous prototype for function 'test_spinlock_preempt_count_balance' [-Wmissing-prototypes]
 1006 | void test_spinlock_preempt_count_balance(void) {
      |      ^
/Users/northkillpd/projects/thylacine-corona/kernel/test/test_sched.c:1006:1: note: declare 'static' if the function is not intended to be used outside of this translation unit
 1006 | void test_spinlock_preempt_count_balance(void) {
      | ^
      | static 
/Users/northkillpd/projects/thylacine-corona/kernel/test/test_sched.c:1047:6: warning: no previous prototype for function 'test_sched_preempt_gate_defers_while_locked' [-Wmissing-prototypes]
 1047 | void test_sched_preempt_gate_defers_while_locked(void) {
      |      ^
/Users/northkillpd/projects/thylacine-corona/kernel/test/test_sched.c:1047:1: note: declare 'static' if the function is not intended to be used outside of this translation unit
 1047 | void test_sched_preempt_gate_defers_while_locked(void) {
      | ^
      | static 
/Users/northkillpd/projects/thylacine-corona/kernel/test/test_sched.c:1146:6: warning: no previous prototype for function 'test_thread_kstack_watermark_follows_the_frontier' [-Wmissing-prototypes]
 1146 | void test_thread_kstack_watermark_follows_the_frontier(void) {
      |      ^
/Users/northkillpd/projects/thylacine-corona/kernel/test/test_sched.c:1146:1: note: declare 'static' if the function is not intended to be used outside of this translation unit
 1146 | void test_thread_kstack_watermark_follows_the_frontier(void) {
      | ^
      | static 
20 warnings generated.
[ 49%] Building C object kernel/CMakeFiles/thylacine.elf.dir/test/test_rendez.c.obj
clang: warning: argument unused during compilation: '-fstack-clash-protection' [-Wunused-command-line-argument]
/Users/northkillpd/projects/thylacine-corona/kernel/test/test_rendez.c:50:6: warning: no previous prototype for function 'test_rendez_sleep_immediate_cond_true' [-Wmissing-prototypes]
   50 | void test_rendez_sleep_immediate_cond_true(void) {
      |      ^
/Users/northkillpd/projects/thylacine-corona/kernel/test/test_rendez.c:50:1: note: declare 'static' if the function is not intended to be used outside of this translation unit
   50 | void test_rendez_sleep_immediate_cond_true(void) {
      | ^
      | static 
/Users/northkillpd/projects/thylacine-corona/kernel/test/test_rendez.c:100:6: warning: no previous prototype for function 'test_rendez_basic_handoff' [-Wmissing-prototypes]
  100 | void test_rendez_basic_handoff(void) {
      |      ^
/Users/northkillpd/projects/thylacine-corona/kernel/test/test_rendez.c:100:1: note: declare 'static' if the function is not intended to be used outside of this translation unit
  100 | void test_rendez_basic_handoff(void) {
      | ^
      | static 
/Users/northkillpd/projects/thylacine-corona/kernel/test/test_rendez.c:217:6: warning: no previous prototype for function 'test_rendez_death_interrupts_sleep' [-Wmissing-prototypes]
  217 | void test_rendez_death_interrupts_sleep(void) {
      |      ^
/Users/northkillpd/projects/thylacine-corona/kernel/test/test_rendez.c:217:1: note: declare 'static' if the function is not intended to be used outside of this translation unit
  217 | void test_rendez_death_interrupts_sleep(void) {
      | ^
      | static 
/Users/northkillpd/projects/thylacine-corona/kernel/test/test_rendez.c:290:6: warning: no previous prototype for function 'test_rendez_wakeup_no_waiter' [-Wmissing-prototypes]
  290 | void test_rendez_wakeup_no_waiter(void) {
      |      ^
/Users/northkillpd/projects/thylacine-corona/kernel/test/test_rendez.c:290:1: note: declare 'static' if the function is not intended to be used outside of this translation unit
  290 | void test_rendez_wakeup_no_waiter(void) {
      | ^
      | static 
/Users/northkillpd/projects/thylacine-corona/kernel/test/test_rendez.c:333:6: warning: no previous prototype for function 'test_rendez_intr_terminate_interrupts_sleep' [-Wmissing-prototypes]
  333 | void test_rendez_intr_terminate_interrupts_sleep(void) {
      |      ^
/Users/northkillpd/projects/thylacine-corona/kernel/test/test_rendez.c:333:1: note: declare 'static' if the function is not intended to be used outside of this translation unit
  333 | void test_rendez_intr_terminate_interrupts_sleep(void) {
      | ^
      | static 
/Users/northkillpd/projects/thylacine-corona/kernel/test/test_rendez.c:387:6: warning: no previous prototype for function 'test_rendez_intr_terminate_register_observe' [-Wmissing-prototypes]
  387 | void test_rendez_intr_terminate_register_observe(void) {
      |      ^
/Users/northkillpd/projects/thylacine-corona/kernel/test/test_rendez.c:387:1: note: declare 'static' if the function is not intended to be used outside of this translation unit
  387 | void test_rendez_intr_terminate_register_observe(void) {
      | ^
      | static 
/Users/northkillpd/projects/thylacine-corona/kernel/test/test_rendez.c:434:6: warning: no previous prototype for function 'test_rendez_intr_terminate_masked_sleeps_through' [-Wmissing-prototypes]
  434 | void test_rendez_intr_terminate_masked_sleeps_through(void) {
      |      ^
/Users/northkillpd/projects/thylacine-corona/kernel/test/test_rendez.c:434:1: note: declare 'static' if the function is not intended to be used outside of this translation unit
  434 | void test_rendez_intr_terminate_masked_sleeps_through(void) {
      | ^
      | static 
/Users/northkillpd/projects/thylacine-corona/kernel/test/test_rendez.c:500:6: warning: no previous prototype for function 'test_rendez_intr_terminate_interrupts_tsleep' [-Wmissing-prototypes]
  500 | void test_rendez_intr_terminate_interrupts_tsleep(void) {
      |      ^
/Users/northkillpd/projects/thylacine-corona/kernel/test/test_rendez.c:500:1: note: declare 'static' if the function is not intended to be used outside of this translation unit
  500 | void test_rendez_intr_terminate_interrupts_tsleep(void) {
      | ^
      | static 
/Users/northkillpd/projects/thylacine-corona/kernel/test/test_rendez.c:549:6: warning: no previous prototype for function 'test_rendez_reader_frame_predicate' [-Wmissing-prototypes]
  549 | void test_rendez_reader_frame_predicate(void) {
      |      ^
/Users/northkillpd/projects/thylacine-corona/kernel/test/test_rendez.c:549:1: note: declare 'static' if the function is not intended to be used outside of this translation unit
  549 | void test_rendez_reader_frame_predicate(void) {
      | ^
      | static 
/Users/northkillpd/projects/thylacine-corona/kernel/test/test_rendez.c:629:6: warning: no previous prototype for function 'test_rendez_reader_frame_blocks_death' [-Wmissing-prototypes]
  629 | void test_rendez_reader_frame_blocks_death(void) {
      |      ^
/Users/northkillpd/projects/thylacine-corona/kernel/test/test_rendez.c:629:1: note: declare 'static' if the function is not intended to be used outside of this translation unit
  629 | void test_rendez_reader_frame_blocks_death(void) {
      | ^
      | static 
/Users/northkillpd/projects/thylacine-corona/kernel/test/test_rendez.c:662:54: warning: comparison of integers of different signs: 'volatile int' and 'unsigned int' [-Wsign-compare]
  662 |     for (u64 i = 0; i < 100000000ull && g_rf_run_cnt < 2u; i++) sched();
      |                                         ~~~~~~~~~~~~ ^ ~~
/Users/northkillpd/projects/thylacine-corona/kernel/test/test_rendez.c:720:6: warning: no previous prototype for function 'test_rendez_reader_frame_blocks_death_sleep' [-Wmissing-prototypes]
  720 | void test_rendez_reader_frame_blocks_death_sleep(void) {
      |      ^
/Users/northkillpd/projects/thylacine-corona/kernel/test/test_rendez.c:720:1: note: declare 'static' if the function is not intended to be used outside of this translation unit
  720 | void test_rendez_reader_frame_blocks_death_sleep(void) {
      | ^
      | static 
/Users/northkillpd/projects/thylacine-corona/kernel/test/test_rendez.c:738:36: warning: comparison of integers of different signs: 'volatile int' and 'unsigned int' [-Wsign-compare]
  738 |     TEST_YIELD_UNTIL(g_rfs_run_cnt >= 1u && consumer->state == THREAD_SLEEPING);
      |                      ~~~~~~~~~~~~~ ^  ~~
/Users/northkillpd/projects/thylacine-corona/kernel/test/test_rendez.c:756:36: warning: comparison of integers of different signs: 'volatile int' and 'unsigned int' [-Wsign-compare]
  756 |     TEST_YIELD_UNTIL(g_rfs_run_cnt >= 2u);
      |                      ~~~~~~~~~~~~~ ^  ~~
/Users/northkillpd/projects/thylacine-corona/kernel/test/test_rendez.c:864:6: warning: no previous prototype for function 'test_rendez_caught_wake_child_exit' [-Wmissing-prototypes]
  864 | void test_rendez_caught_wake_child_exit(void) {
      |      ^
/Users/northkillpd/projects/thylacine-corona/kernel/test/test_rendez.c:864:1: note: declare 'static' if the function is not intended to be used outside of this translation unit
  864 | void test_rendez_caught_wake_child_exit(void) {
      | ^
      | static 
/Users/northkillpd/projects/thylacine-corona/kernel/test/test_rendez.c:897:6: warning: no previous prototype for function 'test_rendez_caught_wake_tty_susp' [-Wmissing-prototypes]
  897 | void test_rendez_caught_wake_tty_susp(void) {
      |      ^
/Users/northkillpd/projects/thylacine-corona/kernel/test/test_rendez.c:897:1: note: declare 'static' if the function is not intended to be used outside of this translation unit
  897 | void test_rendez_caught_wake_tty_susp(void) {
      | ^
      | static 
/Users/northkillpd/projects/thylacine-corona/kernel/test/test_rendez.c:931:6: warning: no previous prototype for function 'test_rendez_caught_wake_tty_cont' [-Wmissing-prototypes]
  931 | void test_rendez_caught_wake_tty_cont(void) {
      |      ^
/Users/northkillpd/projects/thylacine-corona/kernel/test/test_rendez.c:931:1: note: declare 'static' if the function is not intended to be used outside of this translation unit
  931 | void test_rendez_caught_wake_tty_cont(void) {
      | ^
      | static 
/Users/northkillpd/projects/thylacine-corona/kernel/test/test_rendez.c:963:6: warning: no previous prototype for function 'test_rendez_caught_wake_orphan_hup_cont' [-Wmissing-prototypes]
  963 | void test_rendez_caught_wake_orphan_hup_cont(void) {
      |      ^
/Users/northkillpd/projects/thylacine-corona/kernel/test/test_rendez.c:963:1: note: declare 'static' if the function is not intended to be used outside of this translation unit
  963 | void test_rendez_caught_wake_orphan_hup_cont(void) {
      | ^
      | static 
/Users/northkillpd/projects/thylacine-corona/kernel/test/test_rendez.c:1049:6: warning: no previous prototype for function 'test_rendez_caught_note_one_unwind' [-Wmissing-prototypes]
 1049 | void test_rendez_caught_note_one_unwind(void) {
      |      ^
/Users/northkillpd/projects/thylacine-corona/kernel/test/test_rendez.c:1049:1: note: declare 'static' if the function is not intended to be used outside of this translation unit
 1049 | void test_rendez_caught_note_one_unwind(void) {
      | ^
      | static 
/Users/northkillpd/projects/thylacine-corona/kernel/test/test_rendez.c:1196:6: warning: no previous prototype for function 'test_rendez_caught_note_tail_discards_and_releases' [-Wmissing-prototypes]
 1196 | void test_rendez_caught_note_tail_discards_and_releases(void) {
      |      ^
/Users/northkillpd/projects/thylacine-corona/kernel/test/test_rendez.c:1196:1: note: declare 'static' if the function is not intended to be used outside of this translation unit
 1196 | void test_rendez_caught_note_tail_discards_and_releases(void) {
      | ^
      | static 
/Users/northkillpd/projects/thylacine-corona/kernel/test/test_rendez.c:1294:6: warning: no previous prototype for function 'test_rendez_caught_note_release_wakes_peer' [-Wmissing-prototypes]
 1294 | void test_rendez_caught_note_release_wakes_peer(void) {
      |      ^
/Users/northkillpd/projects/thylacine-corona/kernel/test/test_rendez.c:1294:1: note: declare 'static' if the function is not intended to be used outside of this translation unit
 1294 | void test_rendez_caught_note_release_wakes_peer(void) {
      | ^
      | static 
21 warnings generated.
[ 50%] Building C object kernel/CMakeFiles/thylacine.elf.dir/test/test_tsleep.c.obj
clang: warning: argument unused during compilation: '-fstack-clash-protection' [-Wunused-command-line-argument]
/Users/northkillpd/projects/thylacine-corona/kernel/test/test_tsleep.c:57:6: warning: no previous prototype for function 'test_tsleep_fast_path_cond_true' [-Wmissing-prototypes]
   57 | void test_tsleep_fast_path_cond_true(void) {
      |      ^
/Users/northkillpd/projects/thylacine-corona/kernel/test/test_tsleep.c:57:1: note: declare 'static' if the function is not intended to be used outside of this translation unit
   57 | void test_tsleep_fast_path_cond_true(void) {
      | ^
      | static 
/Users/northkillpd/projects/thylacine-corona/kernel/test/test_tsleep.c:82:6: warning: no previous prototype for function 'test_tsleep_no_deadline_degrades' [-Wmissing-prototypes]
   82 | void test_tsleep_no_deadline_degrades(void) {
      |      ^
/Users/northkillpd/projects/thylacine-corona/kernel/test/test_tsleep.c:82:1: note: declare 'static' if the function is not intended to be used outside of this translation unit
   82 | void test_tsleep_no_deadline_degrades(void) {
      | ^
      | static 
/Users/northkillpd/projects/thylacine-corona/kernel/test/test_tsleep.c:101:6: warning: no previous prototype for function 'test_tsleep_past_deadline_immediate' [-Wmissing-prototypes]
  101 | void test_tsleep_past_deadline_immediate(void) {
      |      ^
/Users/northkillpd/projects/thylacine-corona/kernel/test/test_tsleep.c:101:1: note: declare 'static' if the function is not intended to be used outside of this translation unit
  101 | void test_tsleep_past_deadline_immediate(void) {
      | ^
      | static 
/Users/northkillpd/projects/thylacine-corona/kernel/test/test_tsleep.c:148:6: warning: no previous prototype for function 'test_tsleep_woken_before_deadline' [-Wmissing-prototypes]
  148 | void test_tsleep_woken_before_deadline(void) {
      |      ^
/Users/northkillpd/projects/thylacine-corona/kernel/test/test_tsleep.c:148:1: note: declare 'static' if the function is not intended to be used outside of this translation unit
  148 | void test_tsleep_woken_before_deadline(void) {
      | ^
      | static 
/Users/northkillpd/projects/thylacine-corona/kernel/test/test_tsleep.c:211:6: warning: no previous prototype for function 'test_tsleep_timeout_via_tick' [-Wmissing-prototypes]
  211 | void test_tsleep_timeout_via_tick(void) {
      |      ^
/Users/northkillpd/projects/thylacine-corona/kernel/test/test_tsleep.c:211:1: note: declare 'static' if the function is not intended to be used outside of this translation unit
  211 | void test_tsleep_timeout_via_tick(void) {
      | ^
      | static 
/Users/northkillpd/projects/thylacine-corona/kernel/test/test_tsleep.c:286:6: warning: no previous prototype for function 'test_tsleep_herd_timeout' [-Wmissing-prototypes]
  286 | void test_tsleep_herd_timeout(void) {
      |      ^
/Users/northkillpd/projects/thylacine-corona/kernel/test/test_tsleep.c:286:1: note: declare 'static' if the function is not intended to be used outside of this translation unit
  286 | void test_tsleep_herd_timeout(void) {
      | ^
      | static 
/Users/northkillpd/projects/thylacine-corona/kernel/test/test_tsleep.c:357:6: warning: no previous prototype for function 'test_timerwait_earliest_deadline' [-Wmissing-prototypes]
  357 | void test_timerwait_earliest_deadline(void) {
      |      ^
/Users/northkillpd/projects/thylacine-corona/kernel/test/test_tsleep.c:357:1: note: declare 'static' if the function is not intended to be used outside of this translation unit
  357 | void test_timerwait_earliest_deadline(void) {
      | ^
      | static 
/Users/northkillpd/projects/thylacine-corona/kernel/test/test_tsleep.c:424:6: warning: no previous prototype for function 'test_tickless_target_cnt' [-Wmissing-prototypes]
  424 | void test_tickless_target_cnt(void) {
      |      ^
/Users/northkillpd/projects/thylacine-corona/kernel/test/test_tsleep.c:424:1: note: declare 'static' if the function is not intended to be used outside of this translation unit
  424 | void test_tickless_target_cnt(void) {
      | ^
      | static 
8 warnings generated.
[ 50%] Building C object kernel/CMakeFiles/thylacine.elf.dir/test/test_smp.c.obj
clang: warning: argument unused during compilation: '-fstack-clash-protection' [-Wunused-command-line-argument]
/Users/northkillpd/projects/thylacine-corona/kernel/test/test_smp.c:55:6: warning: no previous prototype for function 'test_smp_bringup_smoke' [-Wmissing-prototypes]
   55 | void test_smp_bringup_smoke(void) {
      |      ^
/Users/northkillpd/projects/thylacine-corona/kernel/test/test_smp.c:55:1: note: declare 'static' if the function is not intended to be used outside of this translation unit
   55 | void test_smp_bringup_smoke(void) {
      | ^
      | static 
/Users/northkillpd/projects/thylacine-corona/kernel/test/test_smp.c:98:6: warning: no previous prototype for function 'test_smp_exception_stack_smoke' [-Wmissing-prototypes]
   98 | void test_smp_exception_stack_smoke(void) {
      |      ^
/Users/northkillpd/projects/thylacine-corona/kernel/test/test_smp.c:98:1: note: declare 'static' if the function is not intended to be used outside of this translation unit
   98 | void test_smp_exception_stack_smoke(void) {
      | ^
      | static 
/Users/northkillpd/projects/thylacine-corona/kernel/test/test_smp.c:128:6: warning: no previous prototype for function 'test_smp_secondary_stack_guard_layout' [-Wmissing-prototypes]
  128 | void test_smp_secondary_stack_guard_layout(void) {
      |      ^
/Users/northkillpd/projects/thylacine-corona/kernel/test/test_smp.c:128:1: note: declare 'static' if the function is not intended to be used outside of this translation unit
  128 | void test_smp_secondary_stack_guard_layout(void) {
      | ^
      | static 
/Users/northkillpd/projects/thylacine-corona/kernel/test/test_smp.c:183:6: warning: no previous prototype for function 'test_smp_per_cpu_idle_smoke' [-Wmissing-prototypes]
  183 | void test_smp_per_cpu_idle_smoke(void) {
      |      ^
/Users/northkillpd/projects/thylacine-corona/kernel/test/test_smp.c:183:1: note: declare 'static' if the function is not intended to be used outside of this translation unit
  183 | void test_smp_per_cpu_idle_smoke(void) {
      | ^
      | static 
/Users/northkillpd/projects/thylacine-corona/kernel/test/test_smp.c:231:6: warning: no previous prototype for function 'test_smp_ipi_resched_smoke' [-Wmissing-prototypes]
  231 | void test_smp_ipi_resched_smoke(void) {
      |      ^
/Users/northkillpd/projects/thylacine-corona/kernel/test/test_smp.c:231:1: note: declare 'static' if the function is not intended to be used outside of this translation unit
  231 | void test_smp_ipi_resched_smoke(void) {
      | ^
      | static 
/Users/northkillpd/projects/thylacine-corona/kernel/test/test_smp.c:339:6: warning: no previous prototype for function 'test_smp_work_stealing_smoke' [-Wmissing-prototypes]
  339 | void test_smp_work_stealing_smoke(void) {
      |      ^
/Users/northkillpd/projects/thylacine-corona/kernel/test/test_smp.c:339:1: note: declare 'static' if the function is not intended to be used outside of this translation unit
  339 | void test_smp_work_stealing_smoke(void) {
      | ^
      | static 
6 warnings generated.
[ 50%] Building C object kernel/CMakeFiles/thylacine.elf.dir/test/test_proc.c.obj
clang: warning: argument unused during compilation: '-fstack-clash-protection' [-Wunused-command-line-argument]
/Users/northkillpd/projects/thylacine-corona/kernel/test/test_proc.c:723:6: warning: no previous prototype for function 'test_proc_orphan_reparent_zombie_to_init' [-Wmissing-prototypes]
  723 | void test_proc_orphan_reparent_zombie_to_init(void) {
      |      ^
/Users/northkillpd/projects/thylacine-corona/kernel/test/test_proc.c:723:1: note: declare 'static' if the function is not intended to be used outside of this translation unit
  723 | void test_proc_orphan_reparent_zombie_to_init(void) {
      | ^
      | static 
/Users/northkillpd/projects/thylacine-corona/kernel/test/test_proc.c:966:6: warning: no previous prototype for function 'test_proc_group_terminate_smoke' [-Wmissing-prototypes]
  966 | void test_proc_group_terminate_smoke(void) {
      |      ^
/Users/northkillpd/projects/thylacine-corona/kernel/test/test_proc.c:966:1: note: declare 'static' if the function is not intended to be used outside of this translation unit
  966 | void test_proc_group_terminate_smoke(void) {
      | ^
      | static 
/Users/northkillpd/projects/thylacine-corona/kernel/test/test_proc.c:1295:6: warning: no previous prototype for function 'test_proc_wait_pid_for_no_match' [-Wmissing-prototypes]
 1295 | void test_proc_wait_pid_for_no_match(void) {
      |      ^
/Users/northkillpd/projects/thylacine-corona/kernel/test/test_proc.c:1295:1: note: declare 'static' if the function is not intended to be used outside of this translation unit
 1295 | void test_proc_wait_pid_for_no_match(void) {
      | ^
      | static 
/Users/northkillpd/projects/thylacine-corona/kernel/test/test_proc.c:1305:6: warning: no previous prototype for function 'test_proc_wait_pid_for_wnohang_alive_then_reap' [-Wmissing-prototypes]
 1305 | void test_proc_wait_pid_for_wnohang_alive_then_reap(void) {
      |      ^
/Users/northkillpd/projects/thylacine-corona/kernel/test/test_proc.c:1305:1: note: declare 'static' if the function is not intended to be used outside of this translation unit
 1305 | void test_proc_wait_pid_for_wnohang_alive_then_reap(void) {
      | ^
      | static 
/Users/northkillpd/projects/thylacine-corona/kernel/test/test_proc.c:1325:6: warning: no previous prototype for function 'test_proc_wait_pid_for_selects_target' [-Wmissing-prototypes]
 1325 | void test_proc_wait_pid_for_selects_target(void) {
      |      ^
/Users/northkillpd/projects/thylacine-corona/kernel/test/test_proc.c:1325:1: note: declare 'static' if the function is not intended to be used outside of this translation unit
 1325 | void test_proc_wait_pid_for_selects_target(void) {
      | ^
      | static 
/Users/northkillpd/projects/thylacine-corona/kernel/test/test_proc.c:1410:6: warning: no previous prototype for function 'test_proc_wait_pid_for_skips_adopted_orphan_zombie' [-Wmissing-prototypes]
 1410 | void test_proc_wait_pid_for_skips_adopted_orphan_zombie(void) {
      |      ^
/Users/northkillpd/projects/thylacine-corona/kernel/test/test_proc.c:1410:1: note: declare 'static' if the function is not intended to be used outside of this translation unit
 1410 | void test_proc_wait_pid_for_skips_adopted_orphan_zombie(void) {
      | ^
      | static 
/Users/northkillpd/projects/thylacine-corona/kernel/test/test_proc.c:1477:6: warning: no previous prototype for function 'test_proc_wait_pid_for_pgrp_selectors' [-Wmissing-prototypes]
 1477 | void test_proc_wait_pid_for_pgrp_selectors(void) {
      |      ^
/Users/northkillpd/projects/thylacine-corona/kernel/test/test_proc.c:1477:1: note: declare 'static' if the function is not intended to be used outside of this translation unit
 1477 | void test_proc_wait_pid_for_pgrp_selectors(void) {
      | ^
      | static 
/Users/northkillpd/projects/thylacine-corona/kernel/test/test_proc.c:1515:6: warning: no previous prototype for function 'test_proc_wait_pid_for_report_not_reap' [-Wmissing-prototypes]
 1515 | void test_proc_wait_pid_for_report_not_reap(void) {
      |      ^
/Users/northkillpd/projects/thylacine-corona/kernel/test/test_proc.c:1515:1: note: declare 'static' if the function is not intended to be used outside of this translation unit
 1515 | void test_proc_wait_pid_for_report_not_reap(void) {
      | ^
      | static 
/Users/northkillpd/projects/thylacine-corona/kernel/test/test_proc.c:1586:6: warning: no previous prototype for function 'test_proc_wait_pid_syscall_untraced_flag' [-Wmissing-prototypes]
 1586 | void test_proc_wait_pid_syscall_untraced_flag(void) {
      |      ^
/Users/northkillpd/projects/thylacine-corona/kernel/test/test_proc.c:1586:1: note: declare 'static' if the function is not intended to be used outside of this translation unit
 1586 | void test_proc_wait_pid_syscall_untraced_flag(void) {
      | ^
      | static 
/Users/northkillpd/projects/thylacine-corona/kernel/test/test_proc.c:2337:6: warning: no previous prototype for function 'test_proc_rfork_refused_while_terminating' [-Wmissing-prototypes]
 2337 | void test_proc_rfork_refused_while_terminating(void) {
      |      ^
/Users/northkillpd/projects/thylacine-corona/kernel/test/test_proc.c:2337:1: note: declare 'static' if the function is not intended to be used outside of this translation unit
 2337 | void test_proc_rfork_refused_while_terminating(void) {
      | ^
      | static 
/Users/northkillpd/projects/thylacine-corona/kernel/test/test_proc.c:2382:6: warning: no previous prototype for function 'test_proc_walk_deep_chain' [-Wmissing-prototypes]
 2382 | void test_proc_walk_deep_chain(void) {
      |      ^
/Users/northkillpd/projects/thylacine-corona/kernel/test/test_proc.c:2382:1: note: declare 'static' if the function is not intended to be used outside of this translation unit
 2382 | void test_proc_walk_deep_chain(void) {
      | ^
      | static 
/Users/northkillpd/projects/thylacine-corona/kernel/test/test_proc.c:2440:6: warning: no previous prototype for function 'test_proc_walk_preorder_and_early_exit' [-Wmissing-prototypes]
 2440 | void test_proc_walk_preorder_and_early_exit(void) {
      |      ^
/Users/northkillpd/projects/thylacine-corona/kernel/test/test_proc.c:2440:1: note: declare 'static' if the function is not intended to be used outside of this translation unit
 2440 | void test_proc_walk_preorder_and_early_exit(void) {
      | ^
      | static 
12 warnings generated.
[ 51%] Building C object kernel/CMakeFiles/thylacine.elf.dir/test/test_pgrp.c.obj
clang: warning: argument unused during compilation: '-fstack-clash-protection' [-Wunused-command-line-argument]
[ 51%] Building C object kernel/CMakeFiles/thylacine.elf.dir/test/test_proc_identity.c.obj
clang: warning: argument unused during compilation: '-fstack-clash-protection' [-Wunused-command-line-argument]
/Users/northkillpd/projects/thylacine-corona/kernel/test/test_proc_identity.c:334:6: warning: no previous prototype for function 'test_proc_identity_peer_snapshot_console_owner' [-Wmissing-prototypes]
  334 | void test_proc_identity_peer_snapshot_console_owner(void) {
      |      ^
/Users/northkillpd/projects/thylacine-corona/kernel/test/test_proc_identity.c:334:1: note: declare 'static' if the function is not intended to be used outside of this translation unit
  334 | void test_proc_identity_peer_snapshot_console_owner(void) {
      | ^
      | static 
1 warning generated.
[ 52%] Building C object kernel/CMakeFiles/thylacine.elf.dir/test/test_resource.c.obj
clang: warning: argument unused during compilation: '-fstack-clash-protection' [-Wunused-command-line-argument]
/Users/northkillpd/projects/thylacine-corona/kernel/test/test_resource.c:149:6: warning: no previous prototype for function 'test_resource_page_peak_high_water' [-Wmissing-prototypes]
  149 | void test_resource_page_peak_high_water(void) {
      |      ^
/Users/northkillpd/projects/thylacine-corona/kernel/test/test_resource.c:149:1: note: declare 'static' if the function is not intended to be used outside of this translation unit
  149 | void test_resource_page_peak_high_water(void) {
      | ^
      | static 
/Users/northkillpd/projects/thylacine-corona/kernel/test/test_resource.c:191:6: warning: no previous prototype for function 'test_resource_spawn_budget_resolve' [-Wmissing-prototypes]
  191 | void test_resource_spawn_budget_resolve(void) {
      |      ^
/Users/northkillpd/projects/thylacine-corona/kernel/test/test_resource.c:191:1: note: declare 'static' if the function is not intended to be used outside of this translation unit
  191 | void test_resource_spawn_budget_resolve(void) {
      | ^
      | static 
/Users/northkillpd/projects/thylacine-corona/kernel/test/test_resource.c:261:6: warning: no previous prototype for function 'test_resource_measured_compile_needs_raise' [-Wmissing-prototypes]
  261 | void test_resource_measured_compile_needs_raise(void) {
      |      ^
/Users/northkillpd/projects/thylacine-corona/kernel/test/test_resource.c:261:1: note: declare 'static' if the function is not intended to be used outside of this translation unit
  261 | void test_resource_measured_compile_needs_raise(void) {
      | ^
      | static 
/Users/northkillpd/projects/thylacine-corona/kernel/test/test_resource.c:549:6: warning: no previous prototype for function 'test_resource_detach_retained_handle_keeps_page_count' [-Wmissing-prototypes]
  549 | void test_resource_detach_retained_handle_keeps_page_count(void) {
      |      ^
/Users/northkillpd/projects/thylacine-corona/kernel/test/test_resource.c:549:1: note: declare 'static' if the function is not intended to be used outside of this translation unit
  549 | void test_resource_detach_retained_handle_keeps_page_count(void) {
      | ^
      | static 
4 warnings generated.
[ 52%] Building C object kernel/CMakeFiles/thylacine.elf.dir/test/test_exec_namespace.c.obj
clang: warning: argument unused during compilation: '-fstack-clash-protection' [-Wunused-command-line-argument]
[ 52%] Building C object kernel/CMakeFiles/thylacine.elf.dir/test/test_namespace_layout.c.obj
clang: warning: argument unused during compilation: '-fstack-clash-protection' [-Wunused-command-line-argument]
[ 53%] Building C object kernel/CMakeFiles/thylacine.elf.dir/test/test_territory.c.obj
clang: warning: argument unused during compilation: '-fstack-clash-protection' [-Wunused-command-line-argument]
[ 53%] Building C object kernel/CMakeFiles/thylacine.elf.dir/test/test_territory_mount.c.obj
clang: warning: argument unused during compilation: '-fstack-clash-protection' [-Wunused-command-line-argument]
/Users/northkillpd/projects/thylacine-corona/kernel/test/test_territory_mount.c:275:6: warning: no previous prototype for function 'test_territory_mount_mrepl_existing_replaces_group' [-Wmissing-prototypes]
  275 | void test_territory_mount_mrepl_existing_replaces_group(void) {
      |      ^
/Users/northkillpd/projects/thylacine-corona/kernel/test/test_territory_mount.c:275:1: note: declare 'static' if the function is not intended to be used outside of this translation unit
  275 | void test_territory_mount_mrepl_existing_replaces_group(void) {
      | ^
      | static 
/Users/northkillpd/projects/thylacine-corona/kernel/test/test_territory_mount.c:306:6: warning: no previous prototype for function 'test_territory_mount_mbefore_moves_existing' [-Wmissing-prototypes]
  306 | void test_territory_mount_mbefore_moves_existing(void) {
      |      ^
/Users/northkillpd/projects/thylacine-corona/kernel/test/test_territory_mount.c:306:1: note: declare 'static' if the function is not intended to be used outside of this translation unit
  306 | void test_territory_mount_mbefore_moves_existing(void) {
      | ^
      | static 
/Users/northkillpd/projects/thylacine-corona/kernel/test/test_territory_mount.c:600:6: warning: no previous prototype for function 'test_territory_mount_lookup_ref_survives_unmount' [-Wmissing-prototypes]
  600 | void test_territory_mount_lookup_ref_survives_unmount(void) {
      |      ^
/Users/northkillpd/projects/thylacine-corona/kernel/test/test_territory_mount.c:600:1: note: declare 'static' if the function is not intended to be used outside of this translation unit
  600 | void test_territory_mount_lookup_ref_survives_unmount(void) {
      | ^
      | static 
/Users/northkillpd/projects/thylacine-corona/kernel/test/test_territory_mount.c:629:6: warning: no previous prototype for function 'test_territory_root_ref_survives_pivot' [-Wmissing-prototypes]
  629 | void test_territory_root_ref_survives_pivot(void) {
      |      ^
/Users/northkillpd/projects/thylacine-corona/kernel/test/test_territory_mount.c:629:1: note: declare 'static' if the function is not intended to be used outside of this translation unit
  629 | void test_territory_root_ref_survives_pivot(void) {
      | ^
      | static 
4 warnings generated.
[ 54%] Building C object kernel/CMakeFiles/thylacine.elf.dir/test/test_territory_chroot.c.obj
clang: warning: argument unused during compilation: '-fstack-clash-protection' [-Wunused-command-line-argument]
[ 54%] Building C object kernel/CMakeFiles/thylacine.elf.dir/test/test_handle.c.obj
clang: warning: argument unused during compilation: '-fstack-clash-protection' [-Wunused-command-line-argument]
/Users/northkillpd/projects/thylacine-corona/kernel/test/test_handle.c:403:5: warning: comparison of integers of different signs: 'int' and 'u64' (aka 'unsigned long') [-Wsign-compare]
  403 |     TEST_EXPECT_EQ(handle_table_count(p->handles), count_before,
      |     ^              ~~~~~~~~~~~~~~~~~~~~~~~~~~~~~~  ~~~~~~~~~~~~
/Users/northkillpd/projects/thylacine-corona/kernel/test/test.h:86:51: note: expanded from macro 'TEST_EXPECT_EQ'
   86 | #define TEST_EXPECT_EQ(a, b, msg) TEST_ASSERT((a) == (b), msg)
      |                                                ~  ^   ~
/Users/northkillpd/projects/thylacine-corona/kernel/test/test.h:80:15: note: expanded from macro 'TEST_ASSERT'
   80 |         if (!(cond)) {                                          \
      |               ^~~~
/Users/northkillpd/projects/thylacine-corona/kernel/test/test_handle.c:475:6: warning: no previous prototype for function 'test_handles_cloexec_lifecycle' [-Wmissing-prototypes]
  475 | void test_handles_cloexec_lifecycle(void) {
      |      ^
/Users/northkillpd/projects/thylacine-corona/kernel/test/test_handle.c:475:1: note: declare 'static' if the function is not intended to be used outside of this translation unit
  475 | void test_handles_cloexec_lifecycle(void) {
      | ^
      | static 
/Users/northkillpd/projects/thylacine-corona/kernel/test/test_handle.c:522:6: warning: no previous prototype for function 'test_handles_cloexec_exec_sweep' [-Wmissing-prototypes]
  522 | void test_handles_cloexec_exec_sweep(void) {
      |      ^
/Users/northkillpd/projects/thylacine-corona/kernel/test/test_handle.c:522:1: note: declare 'static' if the function is not intended to be used outside of this translation unit
  522 | void test_handles_cloexec_exec_sweep(void) {
      | ^
      | static 
/Users/northkillpd/projects/thylacine-corona/kernel/test/test_handle.c:566:6: warning: no previous prototype for function 'test_handles_cloexec_fork_preserves' [-Wmissing-prototypes]
  566 | void test_handles_cloexec_fork_preserves(void) {
      |      ^
/Users/northkillpd/projects/thylacine-corona/kernel/test/test_handle.c:566:1: note: declare 'static' if the function is not intended to be used outside of this translation unit
  566 | void test_handles_cloexec_fork_preserves(void) {
      | ^
      | static 
/Users/northkillpd/projects/thylacine-corona/kernel/test/test_handle.c:598:6: warning: no previous prototype for function 'test_handles_dup_posix' [-Wmissing-prototypes]
  598 | void test_handles_dup_posix(void) {
      |      ^
/Users/northkillpd/projects/thylacine-corona/kernel/test/test_handle.c:598:1: note: declare 'static' if the function is not intended to be used outside of this translation unit
  598 | void test_handles_dup_posix(void) {
      | ^
      | static 
/Users/northkillpd/projects/thylacine-corona/kernel/test/test_handle.c:649:6: warning: no previous prototype for function 'test_handles_dup_to' [-Wmissing-prototypes]
  649 | void test_handles_dup_to(void) {
      |      ^
/Users/northkillpd/projects/thylacine-corona/kernel/test/test_handle.c:649:1: note: declare 'static' if the function is not intended to be used outside of this translation unit
  649 | void test_handles_dup_to(void) {
      | ^
      | static 
6 warnings generated.
[ 55%] Building C object kernel/CMakeFiles/thylacine.elf.dir/test/test_burrow.c.obj
clang: warning: argument unused during compilation: '-fstack-clash-protection' [-Wunused-command-line-argument]
/Users/northkillpd/projects/thylacine-corona/kernel/test/test_burrow.c:572:6: warning: no previous prototype for function 'test_burrow_backing_pages_matches_alloc' [-Wmissing-prototypes]
  572 | void test_burrow_backing_pages_matches_alloc(void) {
      |      ^
/Users/northkillpd/projects/thylacine-corona/kernel/test/test_burrow.c:572:1: note: declare 'static' if the function is not intended to be used outside of this translation unit
  572 | void test_burrow_backing_pages_matches_alloc(void) {
      | ^
      | static 
/Users/northkillpd/projects/thylacine-corona/kernel/test/test_burrow.c:628:6: warning: no previous prototype for function 'test_burrow_settled_drop_retains_nonfinal_charge' [-Wmissing-prototypes]
  628 | void test_burrow_settled_drop_retains_nonfinal_charge(void) {
      |      ^
/Users/northkillpd/projects/thylacine-corona/kernel/test/test_burrow.c:628:1: note: declare 'static' if the function is not intended to be used outside of this translation unit
  628 | void test_burrow_settled_drop_retains_nonfinal_charge(void) {
      | ^
      | static 
/Users/northkillpd/projects/thylacine-corona/kernel/test/test_burrow.c:660:6: warning: no previous prototype for function 'test_burrow_settled_drop_exact_payer' [-Wmissing-prototypes]
  660 | void test_burrow_settled_drop_exact_payer(void) {
      |      ^
/Users/northkillpd/projects/thylacine-corona/kernel/test/test_burrow.c:660:1: note: declare 'static' if the function is not intended to be used outside of this translation unit
  660 | void test_burrow_settled_drop_exact_payer(void) {
      | ^
      | static 
/Users/northkillpd/projects/thylacine-corona/kernel/test/test_burrow.c:706:6: warning: no previous prototype for function 'test_burrow_settled_mapping_drop_defers_free' [-Wmissing-prototypes]
  706 | void test_burrow_settled_mapping_drop_defers_free(void) {
      |      ^
/Users/northkillpd/projects/thylacine-corona/kernel/test/test_burrow.c:706:1: note: declare 'static' if the function is not intended to be used outside of this translation unit
  706 | void test_burrow_settled_mapping_drop_defers_free(void) {
      | ^
      | static 
/Users/northkillpd/projects/thylacine-corona/kernel/test/test_burrow.c:748:6: warning: no previous prototype for function 'test_burrow_unmap_failure_leaves_mapping_attached' [-Wmissing-prototypes]
  748 | void test_burrow_unmap_failure_leaves_mapping_attached(void) {
      |      ^
/Users/northkillpd/projects/thylacine-corona/kernel/test/test_burrow.c:748:1: note: declare 'static' if the function is not intended to be used outside of this translation unit
  748 | void test_burrow_unmap_failure_leaves_mapping_attached(void) {
      | ^
      | static 
5 warnings generated.
[ 55%] Building C object kernel/CMakeFiles/thylacine.elf.dir/test/test_image.c.obj
clang: warning: argument unused during compilation: '-fstack-clash-protection' [-Wunused-command-line-argument]
/Users/northkillpd/projects/thylacine-corona/kernel/test/test_image.c:151:6: warning: no previous prototype for function 'test_image_exec_discriminates_key' [-Wmissing-prototypes]
  151 | void test_image_exec_discriminates_key(void) {
      |      ^
/Users/northkillpd/projects/thylacine-corona/kernel/test/test_image.c:151:1: note: declare 'static' if the function is not intended to be used outside of this translation unit
  151 | void test_image_exec_discriminates_key(void) {
      | ^
      | static 
1 warning generated.
[ 55%] Building C object kernel/CMakeFiles/thylacine.elf.dir/test/test_elf.c.obj
clang: warning: argument unused during compilation: '-fstack-clash-protection' [-Wunused-command-line-argument]
/Users/northkillpd/projects/thylacine-corona/kernel/test/test_elf.c:560:6: warning: no previous prototype for function 'test_elf_brand_hint' [-Wmissing-prototypes]
  560 | void test_elf_brand_hint(void) {
      |      ^
/Users/northkillpd/projects/thylacine-corona/kernel/test/test_elf.c:560:1: note: declare 'static' if the function is not intended to be used outside of this translation unit
  560 | void test_elf_brand_hint(void) {
      | ^
      | static 
/Users/northkillpd/projects/thylacine-corona/kernel/test/test_elf.c:666:6: warning: no previous prototype for function 'test_elf_read_interp' [-Wmissing-prototypes]
  666 | void test_elf_read_interp(void) {
      |      ^
/Users/northkillpd/projects/thylacine-corona/kernel/test/test_elf.c:666:1: note: declare 'static' if the function is not intended to be used outside of this translation unit
  666 | void test_elf_read_interp(void) {
      | ^
      | static 
2 warnings generated.
[ 56%] Building C object kernel/CMakeFiles/thylacine.elf.dir/test/test_vivarium.c.obj
clang: warning: argument unused during compilation: '-fstack-clash-protection' [-Wunused-command-line-argument]
/Users/northkillpd/projects/thylacine-corona/kernel/test/test_vivarium.c:259:6: warning: no previous prototype for function 'test_vivarium_git_chunk_rows' [-Wmissing-prototypes]
  259 | void test_vivarium_git_chunk_rows(void) {
      |      ^
/Users/northkillpd/projects/thylacine-corona/kernel/test/test_vivarium.c:259:1: note: declare 'static' if the function is not intended to be used outside of this translation unit
  259 | void test_vivarium_git_chunk_rows(void) {
      | ^
      | static 
/Users/northkillpd/projects/thylacine-corona/kernel/test/test_vivarium.c:298:6: warning: no previous prototype for function 'test_vivarium_faccessat_gate' [-Wmissing-prototypes]
  298 | void test_vivarium_faccessat_gate(void) {
      |      ^
/Users/northkillpd/projects/thylacine-corona/kernel/test/test_vivarium.c:298:1: note: declare 'static' if the function is not intended to be used outside of this translation unit
  298 | void test_vivarium_faccessat_gate(void) {
      | ^
      | static 
/Users/northkillpd/projects/thylacine-corona/kernel/test/test_vivarium.c:873:6: warning: no previous prototype for function 'test_vivarium_mmap_file_domain' [-Wmissing-prototypes]
  873 | void test_vivarium_mmap_file_domain(void) {
      |      ^
/Users/northkillpd/projects/thylacine-corona/kernel/test/test_vivarium.c:873:1: note: declare 'static' if the function is not intended to be used outside of this translation unit
  873 | void test_vivarium_mmap_file_domain(void) {
      | ^
      | static 
/Users/northkillpd/projects/thylacine-corona/kernel/test/test_vivarium.c:958:6: warning: no previous prototype for function 'test_vivarium_mmap_fixed_domain' [-Wmissing-prototypes]
  958 | void test_vivarium_mmap_fixed_domain(void) {
      |      ^
/Users/northkillpd/projects/thylacine-corona/kernel/test/test_vivarium.c:958:1: note: declare 'static' if the function is not intended to be used outside of this translation unit
  958 | void test_vivarium_mmap_fixed_domain(void) {
      | ^
      | static 
/Users/northkillpd/projects/thylacine-corona/kernel/test/test_vivarium.c:1058:6: warning: no previous prototype for function 'test_vivarium_mmap_arms_disjoint' [-Wmissing-prototypes]
 1058 | void test_vivarium_mmap_arms_disjoint(void) {
      |      ^
/Users/northkillpd/projects/thylacine-corona/kernel/test/test_vivarium.c:1058:1: note: declare 'static' if the function is not intended to be used outside of this translation unit
 1058 | void test_vivarium_mmap_arms_disjoint(void) {
      | ^
      | static 
/Users/northkillpd/projects/thylacine-corona/kernel/test/test_vivarium.c:1311:6: warning: no previous prototype for function 'test_vivarium_futex_decide' [-Wmissing-prototypes]
 1311 | void test_vivarium_futex_decide(void) {
      |      ^
/Users/northkillpd/projects/thylacine-corona/kernel/test/test_vivarium.c:1311:1: note: declare 'static' if the function is not intended to be used outside of this translation unit
 1311 | void test_vivarium_futex_decide(void) {
      | ^
      | static 
/Users/northkillpd/projects/thylacine-corona/kernel/test/test_vivarium.c:1510:6: warning: no previous prototype for function 'test_vivarium_signal_map' [-Wmissing-prototypes]
 1510 | void test_vivarium_signal_map(void) {
      |      ^
/Users/northkillpd/projects/thylacine-corona/kernel/test/test_vivarium.c:1510:1: note: declare 'static' if the function is not intended to be used outside of this translation unit
 1510 | void test_vivarium_signal_map(void) {
      | ^
      | static 
/Users/northkillpd/projects/thylacine-corona/kernel/test/test_vivarium.c:1563:6: warning: no previous prototype for function 'test_vivarium_sigaction_domain' [-Wmissing-prototypes]
 1563 | void test_vivarium_sigaction_domain(void) {
      |      ^
/Users/northkillpd/projects/thylacine-corona/kernel/test/test_vivarium.c:1563:1: note: declare 'static' if the function is not intended to be used outside of this translation unit
 1563 | void test_vivarium_sigaction_domain(void) {
      | ^
      | static 
/Users/northkillpd/projects/thylacine-corona/kernel/test/test_vivarium.c:1645:6: warning: no previous prototype for function 'test_vivarium_sigset_to_notemask' [-Wmissing-prototypes]
 1645 | void test_vivarium_sigset_to_notemask(void) {
      |      ^
/Users/northkillpd/projects/thylacine-corona/kernel/test/test_vivarium.c:1645:1: note: declare 'static' if the function is not intended to be used outside of this translation unit
 1645 | void test_vivarium_sigset_to_notemask(void) {
      | ^
      | static 
/Users/northkillpd/projects/thylacine-corona/kernel/test/test_vivarium.c:1715:6: warning: no previous prototype for function 'test_vivarium_handler_mask' [-Wmissing-prototypes]
 1715 | void test_vivarium_handler_mask(void) {
      |      ^
/Users/northkillpd/projects/thylacine-corona/kernel/test/test_vivarium.c:1715:1: note: declare 'static' if the function is not intended to be used outside of this translation unit
 1715 | void test_vivarium_handler_mask(void) {
      | ^
      | static 
/Users/northkillpd/projects/thylacine-corona/kernel/test/test_vivarium.c:1767:6: warning: no previous prototype for function 'test_vivarium_signal_exclusivity' [-Wmissing-prototypes]
 1767 | void test_vivarium_signal_exclusivity(void) {
      |      ^
/Users/northkillpd/projects/thylacine-corona/kernel/test/test_vivarium.c:1767:1: note: declare 'static' if the function is not intended to be used outside of this translation unit
 1767 | void test_vivarium_signal_exclusivity(void) {
      | ^
      | static 
/Users/northkillpd/projects/thylacine-corona/kernel/test/test_vivarium.c:1808:6: warning: no previous prototype for function 'test_vivarium_signote_deliverable' [-Wmissing-prototypes]
 1808 | void test_vivarium_signote_deliverable(void) {
      |      ^
/Users/northkillpd/projects/thylacine-corona/kernel/test/test_vivarium.c:1808:1: note: declare 'static' if the function is not intended to be used outside of this translation unit
 1808 | void test_vivarium_signote_deliverable(void) {
      | ^
      | static 
/Users/northkillpd/projects/thylacine-corona/kernel/test/test_vivarium.c:1831:6: warning: no previous prototype for function 'test_vivarium_sigtab' [-Wmissing-prototypes]
 1831 | void test_vivarium_sigtab(void) {
      |      ^
/Users/northkillpd/projects/thylacine-corona/kernel/test/test_vivarium.c:1831:1: note: declare 'static' if the function is not intended to be used outside of this translation unit
 1831 | void test_vivarium_sigtab(void) {
      | ^
      | static 
/Users/northkillpd/projects/thylacine-corona/kernel/test/test_vivarium.c:1956:6: warning: no previous prototype for function 'test_vivarium_notemask_to_sigset' [-Wmissing-prototypes]
 1956 | void test_vivarium_notemask_to_sigset(void) {
      |      ^
/Users/northkillpd/projects/thylacine-corona/kernel/test/test_vivarium.c:1956:1: note: declare 'static' if the function is not intended to be used outside of this translation unit
 1956 | void test_vivarium_notemask_to_sigset(void) {
      | ^
      | static 
14 warnings generated.
[ 56%] Building C object kernel/CMakeFiles/thylacine.elf.dir/test/test_viv_sock.c.obj
clang: warning: argument unused during compilation: '-fstack-clash-protection' [-Wunused-command-line-argument]
[ 57%] Building C object kernel/CMakeFiles/thylacine.elf.dir/test/test_asid.c.obj
clang: warning: argument unused during compilation: '-fstack-clash-protection' [-Wunused-command-line-argument]
[ 57%] Building C object kernel/CMakeFiles/thylacine.elf.dir/test/test_directmap.c.obj
clang: warning: argument unused during compilation: '-fstack-clash-protection' [-Wunused-command-line-argument]
[ 58%] Building C object kernel/CMakeFiles/thylacine.elf.dir/test/test_proc_pgtable.c.obj
clang: warning: argument unused during compilation: '-fstack-clash-protection' [-Wunused-command-line-argument]
[ 58%] Building C object kernel/CMakeFiles/thylacine.elf.dir/test/test_fault_decode.c.obj
clang: warning: argument unused during compilation: '-fstack-clash-protection' [-Wunused-command-line-argument]
[ 58%] Building C object kernel/CMakeFiles/thylacine.elf.dir/test/test_halls.c.obj
clang: warning: argument unused during compilation: '-fstack-clash-protection' [-Wunused-command-line-argument]
[ 59%] Building C object kernel/CMakeFiles/thylacine.elf.dir/test/test_vma.c.obj
clang: warning: argument unused during compilation: '-fstack-clash-protection' [-Wunused-command-line-argument]
/Users/northkillpd/projects/thylacine-corona/kernel/test/test_vma.c:237:5: warning: comparison of integers of different signs: 'int' and 'u64' (aka 'unsigned long') [-Wsign-compare]
  237 |     TEST_EXPECT_EQ(burrow_mapping_count(burrow), mapping_before + N,
      |     ^              ~~~~~~~~~~~~~~~~~~~~~~~~~~~~  ~~~~~~~~~~~~~~~~~~
/Users/northkillpd/projects/thylacine-corona/kernel/test/test.h:86:51: note: expanded from macro 'TEST_EXPECT_EQ'
   86 | #define TEST_EXPECT_EQ(a, b, msg) TEST_ASSERT((a) == (b), msg)
      |                                                ~  ^   ~
/Users/northkillpd/projects/thylacine-corona/kernel/test/test.h:80:15: note: expanded from macro 'TEST_ASSERT'
   80 |         if (!(cond)) {                                          \
      |               ^~~~
/Users/northkillpd/projects/thylacine-corona/kernel/test/test_vma.c:245:5: warning: comparison of integers of different signs: 'int' and 'u64' (aka 'unsigned long') [-Wsign-compare]
  245 |     TEST_EXPECT_EQ(burrow_mapping_count(burrow), mapping_before,
      |     ^              ~~~~~~~~~~~~~~~~~~~~~~~~~~~~  ~~~~~~~~~~~~~~
/Users/northkillpd/projects/thylacine-corona/kernel/test/test.h:86:51: note: expanded from macro 'TEST_EXPECT_EQ'
   86 | #define TEST_EXPECT_EQ(a, b, msg) TEST_ASSERT((a) == (b), msg)
      |                                                ~  ^   ~
/Users/northkillpd/projects/thylacine-corona/kernel/test/test.h:80:15: note: expanded from macro 'TEST_ASSERT'
   80 |         if (!(cond)) {                                          \
      |               ^~~~
/Users/northkillpd/projects/thylacine-corona/kernel/test/test_vma.c:262:6: warning: no previous prototype for function 'test_vma_find_gap_smoke' [-Wmissing-prototypes]
  262 | void test_vma_find_gap_smoke(void) {
      |      ^
/Users/northkillpd/projects/thylacine-corona/kernel/test/test_vma.c:262:1: note: declare 'static' if the function is not intended to be used outside of this translation unit
  262 | void test_vma_find_gap_smoke(void) {
      | ^
      | static 
/Users/northkillpd/projects/thylacine-corona/kernel/test/test_vma.c:310:6: warning: no previous prototype for function 'test_vma_find_gap_no_fit' [-Wmissing-prototypes]
  310 | void test_vma_find_gap_no_fit(void) {
      |      ^
/Users/northkillpd/projects/thylacine-corona/kernel/test/test_vma.c:310:1: note: declare 'static' if the function is not intended to be used outside of this translation unit
  310 | void test_vma_find_gap_no_fit(void) {
      | ^
      | static 
/Users/northkillpd/projects/thylacine-corona/kernel/test/test_vma.c:348:6: warning: no previous prototype for function 'test_vma_find_gap_constraints' [-Wmissing-prototypes]
  348 | void test_vma_find_gap_constraints(void) {
      |      ^
/Users/northkillpd/projects/thylacine-corona/kernel/test/test_vma.c:348:1: note: declare 'static' if the function is not intended to be used outside of this translation unit
  348 | void test_vma_find_gap_constraints(void) {
      | ^
      | static 
/Users/northkillpd/projects/thylacine-corona/kernel/test/test_vma.c:373:6: warning: no previous prototype for function 'test_vma_find_gap_straddle' [-Wmissing-prototypes]
  373 | void test_vma_find_gap_straddle(void) {
      |      ^
/Users/northkillpd/projects/thylacine-corona/kernel/test/test_vma.c:373:1: note: declare 'static' if the function is not intended to be used outside of this translation unit
  373 | void test_vma_find_gap_straddle(void) {
      | ^
      | static 
6 warnings generated.
[ 59%] Building C object kernel/CMakeFiles/thylacine.elf.dir/test/test_addrspace.c.obj
clang: warning: argument unused during compilation: '-fstack-clash-protection' [-Wunused-command-line-argument]
[ 60%] Building C object kernel/CMakeFiles/thylacine.elf.dir/test/test_cow.c.obj
clang: warning: argument unused during compilation: '-fstack-clash-protection' [-Wunused-command-line-argument]
[ 60%] Building C object kernel/CMakeFiles/thylacine.elf.dir/test/test_burrow_map_proc.c.obj
clang: warning: argument unused during compilation: '-fstack-clash-protection' [-Wunused-command-line-argument]
[ 61%] Building C object kernel/CMakeFiles/thylacine.elf.dir/test/test_demand_page.c.obj
clang: warning: argument unused during compilation: '-fstack-clash-protection' [-Wunused-command-line-argument]
/Users/northkillpd/projects/thylacine-corona/kernel/test/test_demand_page.c:209:6: warning: no previous prototype for function 'test_pgtable_install_user_pte_attr_index' [-Wmissing-prototypes]
  209 | void test_pgtable_install_user_pte_attr_index(void) {
      |      ^
/Users/northkillpd/projects/thylacine-corona/kernel/test/test_demand_page.c:209:1: note: declare 'static' if the function is not intended to be used outside of this translation unit
  209 | void test_pgtable_install_user_pte_attr_index(void) {
      | ^
      | static 
/Users/northkillpd/projects/thylacine-corona/kernel/test/test_demand_page.c:671:6: warning: no previous prototype for function 'test_demand_page_file_geometry_shift_bails' [-Wmissing-prototypes]
  671 | void test_demand_page_file_geometry_shift_bails(void) {
      |      ^
/Users/northkillpd/projects/thylacine-corona/kernel/test/test_demand_page.c:671:1: note: declare 'static' if the function is not intended to be used outside of this translation unit
  671 | void test_demand_page_file_geometry_shift_bails(void) {
      | ^
      | static 
/Users/northkillpd/projects/thylacine-corona/kernel/test/test_demand_page.c:751:6: warning: no previous prototype for function 'test_demand_page_file_geometry_shift_bails_single' [-Wmissing-prototypes]
  751 | void test_demand_page_file_geometry_shift_bails_single(void) {
      |      ^
/Users/northkillpd/projects/thylacine-corona/kernel/test/test_demand_page.c:751:1: note: declare 'static' if the function is not intended to be used outside of this translation unit
  751 | void test_demand_page_file_geometry_shift_bails_single(void) {
      | ^
      | static 
/Users/northkillpd/projects/thylacine-corona/kernel/test/test_demand_page.c:1114:6: warning: no previous prototype for function 'test_demand_page_file_cluster_short_read' [-Wmissing-prototypes]
 1114 | void test_demand_page_file_cluster_short_read(void) {
      |      ^
/Users/northkillpd/projects/thylacine-corona/kernel/test/test_demand_page.c:1114:1: note: declare 'static' if the function is not intended to be used outside of this translation unit
 1114 | void test_demand_page_file_cluster_short_read(void) {
      | ^
      | static 
/Users/northkillpd/projects/thylacine-corona/kernel/test/test_demand_page.c:1175:6: warning: no previous prototype for function 'test_demand_page_file_eof_tail_zero' [-Wmissing-prototypes]
 1175 | void test_demand_page_file_eof_tail_zero(void) {
      |      ^
/Users/northkillpd/projects/thylacine-corona/kernel/test/test_demand_page.c:1175:1: note: declare 'static' if the function is not intended to be used outside of this translation unit
 1175 | void test_demand_page_file_eof_tail_zero(void) {
      | ^
      | static 
/Users/northkillpd/projects/thylacine-corona/kernel/test/test_demand_page.c:1452:6: warning: no previous prototype for function 'test_mmap_eager_copy_charge_pairing' [-Wmissing-prototypes]
 1452 | void test_mmap_eager_copy_charge_pairing(void) {
      |      ^
/Users/northkillpd/projects/thylacine-corona/kernel/test/test_demand_page.c:1452:1: note: declare 'static' if the function is not intended to be used outside of this translation unit
 1452 | void test_mmap_eager_copy_charge_pairing(void) {
      | ^
      | static 
/Users/northkillpd/projects/thylacine-corona/kernel/test/test_demand_page.c:1511:6: warning: no previous prototype for function 'test_demand_page_file_past_limit_bus' [-Wmissing-prototypes]
 1511 | void test_demand_page_file_past_limit_bus(void) {
      |      ^
/Users/northkillpd/projects/thylacine-corona/kernel/test/test_demand_page.c:1511:1: note: declare 'static' if the function is not intended to be used outside of this translation unit
 1511 | void test_demand_page_file_past_limit_bus(void) {
      | ^
      | static 
/Users/northkillpd/projects/thylacine-corona/kernel/test/test_demand_page.c:1555:6: warning: no previous prototype for function 'test_demand_page_file_partial_page_zero_with_limit' [-Wmissing-prototypes]
 1555 | void test_demand_page_file_partial_page_zero_with_limit(void) {
      |      ^
/Users/northkillpd/projects/thylacine-corona/kernel/test/test_demand_page.c:1555:1: note: declare 'static' if the function is not intended to be used outside of this translation unit
 1555 | void test_demand_page_file_partial_page_zero_with_limit(void) {
      | ^
      | static 
/Users/northkillpd/projects/thylacine-corona/kernel/test/test_demand_page.c:1597:6: warning: no previous prototype for function 'test_demand_page_file_cluster_clamps_at_limit' [-Wmissing-prototypes]
 1597 | void test_demand_page_file_cluster_clamps_at_limit(void) {
      |      ^
/Users/northkillpd/projects/thylacine-corona/kernel/test/test_demand_page.c:1597:1: note: declare 'static' if the function is not intended to be used outside of this translation unit
 1597 | void test_demand_page_file_cluster_clamps_at_limit(void) {
      | ^
      | static 
9 warnings generated.
[ 61%] Building C object kernel/CMakeFiles/thylacine.elf.dir/test/test_vdso.c.obj
clang: warning: argument unused during compilation: '-fstack-clash-protection' [-Wunused-command-line-argument]
[ 61%] Building C object kernel/CMakeFiles/thylacine.elf.dir/test/test_exec.c.obj
clang: warning: argument unused during compilation: '-fstack-clash-protection' [-Wunused-command-line-argument]
/Users/northkillpd/projects/thylacine-corona/kernel/test/test_exec.c:278:6: warning: no previous prototype for function 'test_exec_unaligned_stays_off_image_cache' [-Wmissing-prototypes]
  278 | void test_exec_unaligned_stays_off_image_cache(void) {
      |      ^
/Users/northkillpd/projects/thylacine-corona/kernel/test/test_exec.c:278:1: note: declare 'static' if the function is not intended to be used outside of this translation unit
  278 | void test_exec_unaligned_stays_off_image_cache(void) {
      | ^
      | static 
/Users/northkillpd/projects/thylacine-corona/kernel/test/test_exec.c:330:6: warning: no previous prototype for function 'test_exec_from_spoor_aliased_window_distinct' [-Wmissing-prototypes]
  330 | void test_exec_from_spoor_aliased_window_distinct(void) {
      |      ^
/Users/northkillpd/projects/thylacine-corona/kernel/test/test_exec.c:330:1: note: declare 'static' if the function is not intended to be used outside of this translation unit
  330 | void test_exec_from_spoor_aliased_window_distinct(void) {
      | ^
      | static 
/Users/northkillpd/projects/thylacine-corona/kernel/test/test_exec.c:492:6: warning: no previous prototype for function 'test_exec_unaligned_segment_loads' [-Wmissing-prototypes]
  492 | void test_exec_unaligned_segment_loads(void) {
      |      ^
/Users/northkillpd/projects/thylacine-corona/kernel/test/test_exec.c:492:1: note: declare 'static' if the function is not intended to be used outside of this translation unit
  492 | void test_exec_unaligned_segment_loads(void) {
      | ^
      | static 
/Users/northkillpd/projects/thylacine-corona/kernel/test/test_exec.c:539:6: warning: no previous prototype for function 'test_exec_unaligned_lazy_segment_loads' [-Wmissing-prototypes]
  539 | void test_exec_unaligned_lazy_segment_loads(void) {
      |      ^
/Users/northkillpd/projects/thylacine-corona/kernel/test/test_exec.c:539:1: note: declare 'static' if the function is not intended to be used outside of this translation unit
  539 | void test_exec_unaligned_lazy_segment_loads(void) {
      | ^
      | static 
/Users/northkillpd/projects/thylacine-corona/kernel/test/test_exec.c:587:6: warning: no previous prototype for function 'test_exec_shared_page_segments_refused' [-Wmissing-prototypes]
  587 | void test_exec_shared_page_segments_refused(void) {
      |      ^
/Users/northkillpd/projects/thylacine-corona/kernel/test/test_exec.c:587:1: note: declare 'static' if the function is not intended to be used outside of this translation unit
  587 | void test_exec_shared_page_segments_refused(void) {
      | ^
      | static 
/Users/northkillpd/projects/thylacine-corona/kernel/test/test_exec.c:1007:6: warning: no previous prototype for function 'test_exec_setup_bss_tail_icache_synced' [-Wmissing-prototypes]
 1007 | void test_exec_setup_bss_tail_icache_synced(void) {
      |      ^
/Users/northkillpd/projects/thylacine-corona/kernel/test/test_exec.c:1007:1: note: declare 'static' if the function is not intended to be used outside of this translation unit
 1007 | void test_exec_setup_bss_tail_icache_synced(void) {
      | ^
      | static 
/Users/northkillpd/projects/thylacine-corona/kernel/test/test_exec.c:1068:6: warning: no previous prototype for function 'test_exec_from_spoor_bss_only_text_icache_synced' [-Wmissing-prototypes]
 1068 | void test_exec_from_spoor_bss_only_text_icache_synced(void) {
      |      ^
/Users/northkillpd/projects/thylacine-corona/kernel/test/test_exec.c:1068:1: note: declare 'static' if the function is not intended to be used outside of this translation unit
 1068 | void test_exec_from_spoor_bss_only_text_icache_synced(void) {
      | ^
      | static 
/Users/northkillpd/projects/thylacine-corona/kernel/test/test_exec.c:1642:6: warning: no previous prototype for function 'test_exec_writable_segment_is_sparse' [-Wmissing-prototypes]
 1642 | void test_exec_writable_segment_is_sparse(void) {
      |      ^
/Users/northkillpd/projects/thylacine-corona/kernel/test/test_exec.c:1642:1: note: declare 'static' if the function is not intended to be used outside of this translation unit
 1642 | void test_exec_writable_segment_is_sparse(void) {
      | ^
      | static 
/Users/northkillpd/projects/thylacine-corona/kernel/test/test_exec.c:1703:6: warning: no previous prototype for function 'test_exec_stack_is_sparse' [-Wmissing-prototypes]
 1703 | void test_exec_stack_is_sparse(void) {
      |      ^
/Users/northkillpd/projects/thylacine-corona/kernel/test/test_exec.c:1703:1: note: declare 'static' if the function is not intended to be used outside of this translation unit
 1703 | void test_exec_stack_is_sparse(void) {
      | ^
      | static 
/Users/northkillpd/projects/thylacine-corona/kernel/test/test_exec.c:1775:6: warning: no previous prototype for function 'test_exec_interp_argv_shape' [-Wmissing-prototypes]
 1775 | void test_exec_interp_argv_shape(void) {
      |      ^
/Users/northkillpd/projects/thylacine-corona/kernel/test/test_exec.c:1775:1: note: declare 'static' if the function is not intended to be used outside of this translation unit
 1775 | void test_exec_interp_argv_shape(void) {
      | ^
      | static 
10 warnings generated.
[ 62%] Building C object kernel/CMakeFiles/thylacine.elf.dir/test/test_fork.c.obj
clang: warning: argument unused during compilation: '-fstack-clash-protection' [-Wunused-command-line-argument]
[ 62%] Building C object kernel/CMakeFiles/thylacine.elf.dir/test/test_syscall.c.obj
clang: warning: argument unused during compilation: '-fstack-clash-protection' [-Wunused-command-line-argument]
[ 63%] Building C object kernel/CMakeFiles/thylacine.elf.dir/test/test_dev.c.obj
clang: warning: argument unused during compilation: '-fstack-clash-protection' [-Wunused-command-line-argument]
[ 63%] Building C object kernel/CMakeFiles/thylacine.elf.dir/test/test_trivial_devs.c.obj
clang: warning: argument unused during compilation: '-fstack-clash-protection' [-Wunused-command-line-argument]
[ 63%] Building C object kernel/CMakeFiles/thylacine.elf.dir/test/test_devproc.c.obj
clang: warning: argument unused during compilation: '-fstack-clash-protection' [-Wunused-command-line-argument]
/Users/northkillpd/projects/thylacine-corona/kernel/test/test_devproc.c:1215:6: warning: no previous prototype for function 'test_devproc_dump_seal_predicate' [-Wmissing-prototypes]
 1215 | void test_devproc_dump_seal_predicate(void) {
      |      ^
/Users/northkillpd/projects/thylacine-corona/kernel/test/test_devproc.c:1215:1: note: declare 'static' if the function is not intended to be used outside of this translation unit
 1215 | void test_devproc_dump_seal_predicate(void) {
      | ^
      | static 
/Users/northkillpd/projects/thylacine-corona/kernel/test/test_devproc.c:1297:6: warning: no previous prototype for function 'test_devproc_dump_seal_disclosure' [-Wmissing-prototypes]
 1297 | void test_devproc_dump_seal_disclosure(void) {
      |      ^
/Users/northkillpd/projects/thylacine-corona/kernel/test/test_devproc.c:1297:1: note: declare 'static' if the function is not intended to be used outside of this translation unit
 1297 | void test_devproc_dump_seal_disclosure(void) {
      | ^
      | static 
/Users/northkillpd/projects/thylacine-corona/kernel/test/test_devproc.c:1394:6: warning: no previous prototype for function 'test_devproc_dump_seal_scope' [-Wmissing-prototypes]
 1394 | void test_devproc_dump_seal_scope(void) {
      |      ^
/Users/northkillpd/projects/thylacine-corona/kernel/test/test_devproc.c:1394:1: note: declare 'static' if the function is not intended to be used outside of this translation unit
 1394 | void test_devproc_dump_seal_scope(void) {
      | ^
      | static 
/Users/northkillpd/projects/thylacine-corona/kernel/test/test_devproc.c:1542:6: warning: no previous prototype for function 'test_devproc_debug_exitkill_terminates_on_close' [-Wmissing-prototypes]
 1542 | void test_devproc_debug_exitkill_terminates_on_close(void) {
      |      ^
/Users/northkillpd/projects/thylacine-corona/kernel/test/test_devproc.c:1542:1: note: declare 'static' if the function is not intended to be used outside of this translation unit
 1542 | void test_devproc_debug_exitkill_terminates_on_close(void) {
      | ^
      | static 
/Users/northkillpd/projects/thylacine-corona/kernel/test/test_devproc.c:3129:6: warning: no previous prototype for function 'test_devproc_image_cover_join' [-Wmissing-prototypes]
 3129 | void test_devproc_image_cover_join(void) {
      |      ^
/Users/northkillpd/projects/thylacine-corona/kernel/test/test_devproc.c:3129:1: note: declare 'static' if the function is not intended to be used outside of this translation unit
 3129 | void test_devproc_image_cover_join(void) {
      | ^
      | static 
/Users/northkillpd/projects/thylacine-corona/kernel/test/test_devproc.c:3197:6: warning: no previous prototype for function 'test_devproc_image_seal_join' [-Wmissing-prototypes]
 3197 | void test_devproc_image_seal_join(void) {
      |      ^
/Users/northkillpd/projects/thylacine-corona/kernel/test/test_devproc.c:3197:1: note: declare 'static' if the function is not intended to be used outside of this translation unit
 3197 | void test_devproc_image_seal_join(void) {
      | ^
      | static 
/Users/northkillpd/projects/thylacine-corona/kernel/test/test_devproc.c:3262:6: warning: no previous prototype for function 'test_proc_seal_stamps_the_image' [-Wmissing-prototypes]
 3262 | void test_proc_seal_stamps_the_image(void) {
      |      ^
/Users/northkillpd/projects/thylacine-corona/kernel/test/test_devproc.c:3262:1: note: declare 'static' if the function is not intended to be used outside of this translation unit
 3262 | void test_proc_seal_stamps_the_image(void) {
      | ^
      | static 
/Users/northkillpd/projects/thylacine-corona/kernel/test/test_devproc.c:3314:6: warning: no previous prototype for function 'test_proc_elevation_ignores_a_zombie_sharer' [-Wmissing-prototypes]
 3314 | void test_proc_elevation_ignores_a_zombie_sharer(void) {
      |      ^
/Users/northkillpd/projects/thylacine-corona/kernel/test/test_devproc.c:3314:1: note: declare 'static' if the function is not intended to be used outside of this translation unit
 3314 | void test_proc_elevation_ignores_a_zombie_sharer(void) {
      | ^
      | static 
/Users/northkillpd/projects/thylacine-corona/kernel/test/test_devproc.c:3379:6: warning: no previous prototype for function 'test_proc_debug_taint_refuses_elevation' [-Wmissing-prototypes]
 3379 | void test_proc_debug_taint_refuses_elevation(void) {
      |      ^
/Users/northkillpd/projects/thylacine-corona/kernel/test/test_devproc.c:3379:1: note: declare 'static' if the function is not intended to be used outside of this translation unit
 3379 | void test_proc_debug_taint_refuses_elevation(void) {
      | ^
      | static 
/Users/northkillpd/projects/thylacine-corona/kernel/test/test_devproc.c:3481:6: warning: no previous prototype for function 'test_proc_debug_taint_crosses_fork' [-Wmissing-prototypes]
 3481 | void test_proc_debug_taint_crosses_fork(void) {
      |      ^
/Users/northkillpd/projects/thylacine-corona/kernel/test/test_devproc.c:3481:1: note: declare 'static' if the function is not intended to be used outside of this translation unit
 3481 | void test_proc_debug_taint_crosses_fork(void) {
      | ^
      | static 
10 warnings generated.
[ 64%] Building C object kernel/CMakeFiles/thylacine.elf.dir/test/test_birth_hold.c.obj
clang: warning: argument unused during compilation: '-fstack-clash-protection' [-Wunused-command-line-argument]
[ 64%] Building C object kernel/CMakeFiles/thylacine.elf.dir/test/test_cons.c.obj
clang: warning: argument unused during compilation: '-fstack-clash-protection' [-Wunused-command-line-argument]
/Users/northkillpd/projects/thylacine-corona/kernel/test/test_cons.c:439:6: warning: no previous prototype for function 'test_cons_mgr_hold_defers_consumption' [-Wmissing-prototypes]
  439 | void test_cons_mgr_hold_defers_consumption(void) {
      |      ^
/Users/northkillpd/projects/thylacine-corona/kernel/test/test_cons.c:439:1: note: declare 'static' if the function is not intended to be used outside of this translation unit
  439 | void test_cons_mgr_hold_defers_consumption(void) {
      | ^
      | static 
/Users/northkillpd/projects/thylacine-corona/kernel/test/test_cons.c:767:6: warning: no previous prototype for function 'test_cons_rx_drop_counters' [-Wmissing-prototypes]
  767 | void test_cons_rx_drop_counters(void) {
      |      ^
/Users/northkillpd/projects/thylacine-corona/kernel/test/test_cons.c:767:1: note: declare 'static' if the function is not intended to be used outside of this translation unit
  767 | void test_cons_rx_drop_counters(void) {
      | ^
      | static 
/Users/northkillpd/projects/thylacine-corona/kernel/test/test_cons.c:1698:6: warning: no previous prototype for function 'test_cons_winsize_roundtrip' [-Wmissing-prototypes]
 1698 | void test_cons_winsize_roundtrip(void) {
      |      ^
/Users/northkillpd/projects/thylacine-corona/kernel/test/test_cons.c:1698:1: note: declare 'static' if the function is not intended to be used outside of this translation unit
 1698 | void test_cons_winsize_roundtrip(void) {
      | ^
      | static 
/Users/northkillpd/projects/thylacine-corona/kernel/test/test_cons.c:1753:6: warning: no previous prototype for function 'test_cons_beacon_roundtrip' [-Wmissing-prototypes]
 1753 | void test_cons_beacon_roundtrip(void) {
      |      ^
/Users/northkillpd/projects/thylacine-corona/kernel/test/test_cons.c:1753:1: note: declare 'static' if the function is not intended to be used outside of this translation unit
 1753 | void test_cons_beacon_roundtrip(void) {
      | ^
      | static 
/Users/northkillpd/projects/thylacine-corona/kernel/test/test_cons.c:1812:6: warning: no previous prototype for function 'test_cons_winsize_winch_iff_changed' [-Wmissing-prototypes]
 1812 | void test_cons_winsize_winch_iff_changed(void) {
      |      ^
/Users/northkillpd/projects/thylacine-corona/kernel/test/test_cons.c:1812:1: note: declare 'static' if the function is not intended to be used outside of this translation unit
 1812 | void test_cons_winsize_winch_iff_changed(void) {
      | ^
      | static 
/Users/northkillpd/projects/thylacine-corona/kernel/test/test_cons.c:1835:6: warning: no previous prototype for function 'test_cons_stat_native_qid_contract' [-Wmissing-prototypes]
 1835 | void test_cons_stat_native_qid_contract(void) {
      |      ^
/Users/northkillpd/projects/thylacine-corona/kernel/test/test_cons.c:1835:1: note: declare 'static' if the function is not intended to be used outside of this translation unit
 1835 | void test_cons_stat_native_qid_contract(void) {
      | ^
      | static 
/Users/northkillpd/projects/thylacine-corona/kernel/test/test_cons.c:2146:6: warning: no previous prototype for function 'test_cons_drain_tap_mirrors_output' [-Wmissing-prototypes]
 2146 | void test_cons_drain_tap_mirrors_output(void) {
      |      ^
/Users/northkillpd/projects/thylacine-corona/kernel/test/test_cons.c:2146:1: note: declare 'static' if the function is not intended to be used outside of this translation unit
 2146 | void test_cons_drain_tap_mirrors_output(void) {
      | ^
      | static 
/Users/northkillpd/projects/thylacine-corona/kernel/test/test_cons.c:2180:6: warning: no previous prototype for function 'test_cons_drain_feed_runs_discipline' [-Wmissing-prototypes]
 2180 | void test_cons_drain_feed_runs_discipline(void) {
      |      ^
/Users/northkillpd/projects/thylacine-corona/kernel/test/test_cons.c:2180:1: note: declare 'static' if the function is not intended to be used outside of this translation unit
 2180 | void test_cons_drain_feed_runs_discipline(void) {
      | ^
      | static 
/Users/northkillpd/projects/thylacine-corona/kernel/test/test_cons.c:2223:6: warning: no previous prototype for function 'test_cons_drain_overflow_drops_oldest' [-Wmissing-prototypes]
 2223 | void test_cons_drain_overflow_drops_oldest(void) {
      |      ^
/Users/northkillpd/projects/thylacine-corona/kernel/test/test_cons.c:2223:1: note: declare 'static' if the function is not intended to be used outside of this translation unit
 2223 | void test_cons_drain_overflow_drops_oldest(void) {
      | ^
      | static 
/Users/northkillpd/projects/thylacine-corona/kernel/test/test_cons.c:2259:6: warning: no previous prototype for function 'test_cons_drain_close_and_reopen_epoch' [-Wmissing-prototypes]
 2259 | void test_cons_drain_close_and_reopen_epoch(void) {
      |      ^
/Users/northkillpd/projects/thylacine-corona/kernel/test/test_cons.c:2259:1: note: declare 'static' if the function is not intended to be used outside of this translation unit
 2259 | void test_cons_drain_close_and_reopen_epoch(void) {
      | ^
      | static 
/Users/northkillpd/projects/thylacine-corona/kernel/test/test_cons.c:2305:6: warning: no previous prototype for function 'test_cons_drain_poll_deferred_wake' [-Wmissing-prototypes]
 2305 | void test_cons_drain_poll_deferred_wake(void) {
      |      ^
/Users/northkillpd/projects/thylacine-corona/kernel/test/test_cons.c:2305:1: note: declare 'static' if the function is not intended to be used outside of this translation unit
 2305 | void test_cons_drain_poll_deferred_wake(void) {
      | ^
      | static 
/Users/northkillpd/projects/thylacine-corona/kernel/test/test_cons.c:2687:6: warning: no previous prototype for function 'test_cons_sys_puts_uses_shared_console_path' [-Wmissing-prototypes]
 2687 | void test_cons_sys_puts_uses_shared_console_path(void) {
      |      ^
/Users/northkillpd/projects/thylacine-corona/kernel/test/test_cons.c:2687:1: note: declare 'static' if the function is not intended to be used outside of this translation unit
 2687 | void test_cons_sys_puts_uses_shared_console_path(void) {
      | ^
      | static 
/Users/northkillpd/projects/thylacine-corona/kernel/test/test_cons.c:2800:6: warning: no previous prototype for function 'test_cons_tx_unit_diag_line_atomic' [-Wmissing-prototypes]
 2800 | void test_cons_tx_unit_diag_line_atomic(void) {
      |      ^
/Users/northkillpd/projects/thylacine-corona/kernel/test/test_cons.c:2800:1: note: declare 'static' if the function is not intended to be used outside of this translation unit
 2800 | void test_cons_tx_unit_diag_line_atomic(void) {
      | ^
      | static 
/Users/northkillpd/projects/thylacine-corona/kernel/test/test_cons.c:2879:6: warning: no previous prototype for function 'test_cons_tx_unit_echo_atomic' [-Wmissing-prototypes]
 2879 | void test_cons_tx_unit_echo_atomic(void) {
      |      ^
/Users/northkillpd/projects/thylacine-corona/kernel/test/test_cons.c:2879:1: note: declare 'static' if the function is not intended to be used outside of this translation unit
 2879 | void test_cons_tx_unit_echo_atomic(void) {
      | ^
      | static 
/Users/northkillpd/projects/thylacine-corona/kernel/test/test_cons.c:3003:6: warning: no previous prototype for function 'test_cons_tx_unit_smp_no_tear' [-Wmissing-prototypes]
 3003 | void test_cons_tx_unit_smp_no_tear(void) {
      |      ^
/Users/northkillpd/projects/thylacine-corona/kernel/test/test_cons.c:3003:1: note: declare 'static' if the function is not intended to be used outside of this translation unit
 3003 | void test_cons_tx_unit_smp_no_tear(void) {
      | ^
      | static 
15 warnings generated.
[ 65%] Building C object kernel/CMakeFiles/thylacine.elf.dir/test/test_devctl.c.obj
clang: warning: argument unused during compilation: '-fstack-clash-protection' [-Wunused-command-line-argument]
[ 65%] Building C object kernel/CMakeFiles/thylacine.elf.dir/test/test_devdev.c.obj
clang: warning: argument unused during compilation: '-fstack-clash-protection' [-Wunused-command-line-argument]
/Users/northkillpd/projects/thylacine-corona/kernel/test/test_devdev.c:475:6: warning: no previous prototype for function 'test_devdev_renderer_gate' [-Wmissing-prototypes]
  475 | void test_devdev_renderer_gate(void) {
      |      ^
/Users/northkillpd/projects/thylacine-corona/kernel/test/test_devdev.c:475:1: note: declare 'static' if the function is not intended to be used outside of this translation unit
  475 | void test_devdev_renderer_gate(void) {
      | ^
      | static 
/Users/northkillpd/projects/thylacine-corona/kernel/test/test_devdev.c:682:6: warning: no previous prototype for function 'test_devdev_fd_devclass' [-Wmissing-prototypes]
  682 | void test_devdev_fd_devclass(void) {
      |      ^
/Users/northkillpd/projects/thylacine-corona/kernel/test/test_devdev.c:682:1: note: declare 'static' if the function is not intended to be used outside of this translation unit
  682 | void test_devdev_fd_devclass(void) {
      | ^
      | static 
/Users/northkillpd/projects/thylacine-corona/kernel/test/test_devdev.c:750:6: warning: no previous prototype for function 'test_devdev_beacon_leaf' [-Wmissing-prototypes]
  750 | void test_devdev_beacon_leaf(void) {
      |      ^
/Users/northkillpd/projects/thylacine-corona/kernel/test/test_devdev.c:750:1: note: declare 'static' if the function is not intended to be used outside of this translation unit
  750 | void test_devdev_beacon_leaf(void) {
      | ^
      | static 
3 warnings generated.
[ 66%] Building C object kernel/CMakeFiles/thylacine.elf.dir/test/test_devhw.c.obj
clang: warning: argument unused during compilation: '-fstack-clash-protection' [-Wunused-command-line-argument]
/Users/northkillpd/projects/thylacine-corona/kernel/test/test_devhw.c:157:6: warning: no previous prototype for function 'test_devhw_walk_reuse_nc' [-Wmissing-prototypes]
  157 | void test_devhw_walk_reuse_nc(void) {
      |      ^
/Users/northkillpd/projects/thylacine-corona/kernel/test/test_devhw.c:157:1: note: declare 'static' if the function is not intended to be used outside of this translation unit
  157 | void test_devhw_walk_reuse_nc(void) {
      | ^
      | static 
/Users/northkillpd/projects/thylacine-corona/kernel/test/test_devhw.c:334:6: warning: no previous prototype for function 'test_devhw_synth_pci_child' [-Wmissing-prototypes]
  334 | void test_devhw_synth_pci_child(void) {
      |      ^
/Users/northkillpd/projects/thylacine-corona/kernel/test/test_devhw.c:334:1: note: declare 'static' if the function is not intended to be used outside of this translation unit
  334 | void test_devhw_synth_pci_child(void) {
      | ^
      | static 
2 warnings generated.
[ 66%] Building C object kernel/CMakeFiles/thylacine.elf.dir/test/test_devpci.c.obj
clang: warning: argument unused during compilation: '-fstack-clash-protection' [-Wunused-command-line-argument]
[ 66%] Building C object kernel/CMakeFiles/thylacine.elf.dir/test/test_env.c.obj
clang: warning: argument unused during compilation: '-fstack-clash-protection' [-Wunused-command-line-argument]
[ 67%] Building C object kernel/CMakeFiles/thylacine.elf.dir/test/test_jit.c.obj
clang: warning: argument unused during compilation: '-fstack-clash-protection' [-Wunused-command-line-argument]
/Users/northkillpd/projects/thylacine-corona/kernel/test/test_jit.c:131:6: warning: no previous prototype for function 'test_jit_create_requires_cap' [-Wmissing-prototypes]
  131 | void test_jit_create_requires_cap(void) {
      |      ^
/Users/northkillpd/projects/thylacine-corona/kernel/test/test_jit.c:131:1: note: declare 'static' if the function is not intended to be used outside of this translation unit
  131 | void test_jit_create_requires_cap(void) {
      | ^
      | static 
/Users/northkillpd/projects/thylacine-corona/kernel/test/test_jit.c:158:6: warning: no previous prototype for function 'test_jit_create_rejects_bad_args' [-Wmissing-prototypes]
  158 | void test_jit_create_rejects_bad_args(void) {
      |      ^
/Users/northkillpd/projects/thylacine-corona/kernel/test/test_jit.c:158:1: note: declare 'static' if the function is not intended to be used outside of this translation unit
  158 | void test_jit_create_rejects_bad_args(void) {
      | ^
      | static 
/Users/northkillpd/projects/thylacine-corona/kernel/test/test_jit.c:176:6: warning: no previous prototype for function 'test_jit_dual_alias_pte_wx_clean' [-Wmissing-prototypes]
  176 | void test_jit_dual_alias_pte_wx_clean(void) {
      |      ^
/Users/northkillpd/projects/thylacine-corona/kernel/test/test_jit.c:176:1: note: declare 'static' if the function is not intended to be used outside of this translation unit
  176 | void test_jit_dual_alias_pte_wx_clean(void) {
      | ^
      | static 
/Users/northkillpd/projects/thylacine-corona/kernel/test/test_jit.c:265:6: warning: no previous prototype for function 'test_jit_charges_once_per_region' [-Wmissing-prototypes]
  265 | void test_jit_charges_once_per_region(void) {
      |      ^
/Users/northkillpd/projects/thylacine-corona/kernel/test/test_jit.c:265:1: note: declare 'static' if the function is not intended to be used outside of this translation unit
  265 | void test_jit_charges_once_per_region(void) {
      | ^
      | static 
/Users/northkillpd/projects/thylacine-corona/kernel/test/test_jit.c:290:6: warning: no previous prototype for function 'test_jit_destroy_tears_down_both' [-Wmissing-prototypes]
  290 | void test_jit_destroy_tears_down_both(void) {
      |      ^
/Users/northkillpd/projects/thylacine-corona/kernel/test/test_jit.c:290:1: note: declare 'static' if the function is not intended to be used outside of this translation unit
  290 | void test_jit_destroy_tears_down_both(void) {
      | ^
      | static 
/Users/northkillpd/projects/thylacine-corona/kernel/test/test_jit.c:321:6: warning: no previous prototype for function 'test_jit_destroy_rejects_non_writer' [-Wmissing-prototypes]
  321 | void test_jit_destroy_rejects_non_writer(void) {
      |      ^
/Users/northkillpd/projects/thylacine-corona/kernel/test/test_jit.c:321:1: note: declare 'static' if the function is not intended to be used outside of this translation unit
  321 | void test_jit_destroy_rejects_non_writer(void) {
      | ^
      | static 
/Users/northkillpd/projects/thylacine-corona/kernel/test/test_jit.c:367:6: warning: no previous prototype for function 'test_jit_alias_not_detachable' [-Wmissing-prototypes]
  367 | void test_jit_alias_not_detachable(void) {
      |      ^
/Users/northkillpd/projects/thylacine-corona/kernel/test/test_jit.c:367:1: note: declare 'static' if the function is not intended to be used outside of this translation unit
  367 | void test_jit_alias_not_detachable(void) {
      | ^
      | static 
/Users/northkillpd/projects/thylacine-corona/kernel/test/test_jit.c:409:6: warning: no previous prototype for function 'test_jit_icache_sync_gate' [-Wmissing-prototypes]
  409 | void test_jit_icache_sync_gate(void) {
      |      ^
/Users/northkillpd/projects/thylacine-corona/kernel/test/test_jit.c:409:1: note: declare 'static' if the function is not intended to be used outside of this translation unit
  409 | void test_jit_icache_sync_gate(void) {
      | ^
      | static 
/Users/northkillpd/projects/thylacine-corona/kernel/test/test_jit.c:476:6: warning: no previous prototype for function 'test_jit_write_through_writer_visible_at_exec' [-Wmissing-prototypes]
  476 | void test_jit_write_through_writer_visible_at_exec(void) {
      |      ^
/Users/northkillpd/projects/thylacine-corona/kernel/test/test_jit.c:476:1: note: declare 'static' if the function is not intended to be used outside of this translation unit
  476 | void test_jit_write_through_writer_visible_at_exec(void) {
      | ^
      | static 
9 warnings generated.
[ 67%] Building C object kernel/CMakeFiles/thylacine.elf.dir/test/test_allowance.c.obj
clang: warning: argument unused during compilation: '-fstack-clash-protection' [-Wunused-command-line-argument]
[ 68%] Building C object kernel/CMakeFiles/thylacine.elf.dir/test/test_cpio.c.obj
clang: warning: argument unused during compilation: '-fstack-clash-protection' [-Wunused-command-line-argument]
[ 68%] Building C object kernel/CMakeFiles/thylacine.elf.dir/test/test_devramfs.c.obj
clang: warning: argument unused during compilation: '-fstack-clash-protection' [-Wunused-command-line-argument]
[ 69%] Building C object kernel/CMakeFiles/thylacine.elf.dir/test/test_devsrv.c.obj
clang: warning: argument unused during compilation: '-fstack-clash-protection' [-Wunused-command-line-argument]
/Users/northkillpd/projects/thylacine-corona/kernel/test/test_devsrv.c:324:6: warning: no previous prototype for function 'test_devsrv_registry_full_tombstone_rebinds' [-Wmissing-prototypes]
  324 | void test_devsrv_registry_full_tombstone_rebinds(void) {
      |      ^
/Users/northkillpd/projects/thylacine-corona/kernel/test/test_devsrv.c:324:1: note: declare 'static' if the function is not intended to be used outside of this translation unit
  324 | void test_devsrv_registry_full_tombstone_rebinds(void) {
      | ^
      | static 
1 warning generated.
[ 69%] Building C object kernel/CMakeFiles/thylacine.elf.dir/test/test_devcap.c.obj
clang: warning: argument unused during compilation: '-fstack-clash-protection' [-Wunused-command-line-argument]
/Users/northkillpd/projects/thylacine-corona/kernel/test/test_devcap.c:318:6: warning: no previous prototype for function 'test_devcap_taint_refuses_hostowner_redeem' [-Wmissing-prototypes]
  318 | void test_devcap_taint_refuses_hostowner_redeem(void) {
      |      ^
/Users/northkillpd/projects/thylacine-corona/kernel/test/test_devcap.c:318:1: note: declare 'static' if the function is not intended to be used outside of this translation unit
  318 | void test_devcap_taint_refuses_hostowner_redeem(void) {
      | ^
      | static 
1 warning generated.
[ 69%] Building C object kernel/CMakeFiles/thylacine.elf.dir/test/test_virtio.c.obj
clang: warning: argument unused during compilation: '-fstack-clash-protection' [-Wunused-command-line-argument]
[ 70%] Building C object kernel/CMakeFiles/thylacine.elf.dir/test/test_random.c.obj
clang: warning: argument unused during compilation: '-fstack-clash-protection' [-Wunused-command-line-argument]
[ 70%] Building C object kernel/CMakeFiles/thylacine.elf.dir/test/test_virtio_pci.c.obj
clang: warning: argument unused during compilation: '-fstack-clash-protection' [-Wunused-command-line-argument]
[ 71%] Building C object kernel/CMakeFiles/thylacine.elf.dir/test/test_irqfwd.c.obj
clang: warning: argument unused during compilation: '-fstack-clash-protection' [-Wunused-command-line-argument]
[ 71%] Building C object kernel/CMakeFiles/thylacine.elf.dir/test/test_userspace2.c.obj
clang: warning: argument unused during compilation: '-fstack-clash-protection' [-Wunused-command-line-argument]
[ 72%] Building C object kernel/CMakeFiles/thylacine.elf.dir/test/test_userspace_ramfs.c.obj
clang: warning: argument unused during compilation: '-fstack-clash-protection' [-Wunused-command-line-argument]
[ 72%] Building C object kernel/CMakeFiles/thylacine.elf.dir/test/test_caps.c.obj
clang: warning: argument unused during compilation: '-fstack-clash-protection' [-Wunused-command-line-argument]
/Users/northkillpd/projects/thylacine-corona/kernel/test/test_caps.c:345:6: warning: no previous prototype for function 'test_caps_rfork_flows_under_propagating_scope' [-Wmissing-prototypes]
  345 | void test_caps_rfork_flows_under_propagating_scope(void) {
      |      ^
/Users/northkillpd/projects/thylacine-corona/kernel/test/test_caps.c:345:1: note: declare 'static' if the function is not intended to be used outside of this translation unit
  345 | void test_caps_rfork_flows_under_propagating_scope(void) {
      | ^
      | static 
/Users/northkillpd/projects/thylacine-corona/kernel/test/test_caps.c:362:6: warning: no previous prototype for function 'test_caps_rfork_no_flow_without_propagating' [-Wmissing-prototypes]
  362 | void test_caps_rfork_no_flow_without_propagating(void) {
      |      ^
/Users/northkillpd/projects/thylacine-corona/kernel/test/test_caps.c:362:1: note: declare 'static' if the function is not intended to be used outside of this translation unit
  362 | void test_caps_rfork_no_flow_without_propagating(void) {
      | ^
      | static 
/Users/northkillpd/projects/thylacine-corona/kernel/test/test_caps.c:374:6: warning: no previous prototype for function 'test_caps_rfork_flow_bounded_by_mask' [-Wmissing-prototypes]
  374 | void test_caps_rfork_flow_bounded_by_mask(void) {
      |      ^
/Users/northkillpd/projects/thylacine-corona/kernel/test/test_caps.c:374:1: note: declare 'static' if the function is not intended to be used outside of this translation unit
  374 | void test_caps_rfork_flow_bounded_by_mask(void) {
      | ^
      | static 
3 warnings generated.
[ 72%] Building C object kernel/CMakeFiles/thylacine.elf.dir/test/test_mmio_handle.c.obj
clang: warning: argument unused during compilation: '-fstack-clash-protection' [-Wunused-command-line-argument]
[ 73%] Building C object kernel/CMakeFiles/thylacine.elf.dir/test/test_dma_handle.c.obj
clang: warning: argument unused during compilation: '-fstack-clash-protection' [-Wunused-command-line-argument]
/Users/northkillpd/projects/thylacine-corona/kernel/test/test_dma_handle.c:291:6: warning: no previous prototype for function 'test_skein_blocks_tile_the_buffer' [-Wmissing-prototypes]
  291 | void test_skein_blocks_tile_the_buffer(void) {
      |      ^
/Users/northkillpd/projects/thylacine-corona/kernel/test/test_dma_handle.c:291:1: note: declare 'static' if the function is not intended to be used outside of this translation unit
  291 | void test_skein_blocks_tile_the_buffer(void) {
      | ^
      | static 
/Users/northkillpd/projects/thylacine-corona/kernel/test/test_dma_handle.c:333:6: warning: no previous prototype for function 'test_skein_offset_resolution' [-Wmissing-prototypes]
  333 | void test_skein_offset_resolution(void) {
      |      ^
/Users/northkillpd/projects/thylacine-corona/kernel/test/test_dma_handle.c:333:1: note: declare 'static' if the function is not intended to be used outside of this translation unit
  333 | void test_skein_offset_resolution(void) {
      | ^
      | static 
/Users/northkillpd/projects/thylacine-corona/kernel/test/test_dma_handle.c:370:6: warning: no previous prototype for function 'test_skein_small_weave_stays_one_block' [-Wmissing-prototypes]
  370 | void test_skein_small_weave_stays_one_block(void) {
      |      ^
/Users/northkillpd/projects/thylacine-corona/kernel/test/test_dma_handle.c:370:1: note: declare 'static' if the function is not intended to be used outside of this translation unit
  370 | void test_skein_small_weave_stays_one_block(void) {
      | ^
      | static 
/Users/northkillpd/projects/thylacine-corona/kernel/test/test_dma_handle.c:401:6: warning: no previous prototype for function 'test_skein_scope_plain_never_scatters' [-Wmissing-prototypes]
  401 | void test_skein_scope_plain_never_scatters(void) {
      |      ^
/Users/northkillpd/projects/thylacine-corona/kernel/test/test_dma_handle.c:401:1: note: declare 'static' if the function is not intended to be used outside of this translation unit
  401 | void test_skein_scope_plain_never_scatters(void) {
      | ^
      | static 
/Users/northkillpd/projects/thylacine-corona/kernel/test/test_dma_handle.c:416:6: warning: no previous prototype for function 'test_skein_gpu_bo_scatters' [-Wmissing-prototypes]
  416 | void test_skein_gpu_bo_scatters(void) {
      |      ^
/Users/northkillpd/projects/thylacine-corona/kernel/test/test_dma_handle.c:416:1: note: declare 'static' if the function is not intended to be used outside of this translation unit
  416 | void test_skein_gpu_bo_scatters(void) {
      | ^
      | static 
/Users/northkillpd/projects/thylacine-corona/kernel/test/test_dma_handle.c:447:6: warning: no previous prototype for function 'test_skein_full_envelope_weave' [-Wmissing-prototypes]
  447 | void test_skein_full_envelope_weave(void) {
      |      ^
/Users/northkillpd/projects/thylacine-corona/kernel/test/test_dma_handle.c:447:1: note: declare 'static' if the function is not intended to be used outside of this translation unit
  447 | void test_skein_full_envelope_weave(void) {
      | ^
      | static 
/Users/northkillpd/projects/thylacine-corona/kernel/test/test_dma_handle.c:469:6: warning: no previous prototype for function 'test_skein_zero_init_across_blocks' [-Wmissing-prototypes]
  469 | void test_skein_zero_init_across_blocks(void) {
      |      ^
/Users/northkillpd/projects/thylacine-corona/kernel/test/test_dma_handle.c:469:1: note: declare 'static' if the function is not intended to be used outside of this translation unit
  469 | void test_skein_zero_init_across_blocks(void) {
      | ^
      | static 
/Users/northkillpd/projects/thylacine-corona/kernel/test/test_dma_handle.c:531:6: warning: no previous prototype for function 'test_skein_stride_is_the_objects_not_the_constant' [-Wmissing-prototypes]
  531 | void test_skein_stride_is_the_objects_not_the_constant(void) {
      |      ^
/Users/northkillpd/projects/thylacine-corona/kernel/test/test_dma_handle.c:531:1: note: declare 'static' if the function is not intended to be used outside of this translation unit
  531 | void test_skein_stride_is_the_objects_not_the_constant(void) {
      | ^
      | static 
/Users/northkillpd/projects/thylacine-corona/kernel/test/test_dma_handle.c:575:6: warning: no previous prototype for function 'test_skein_one_block_resolves_throughout' [-Wmissing-prototypes]
  575 | void test_skein_one_block_resolves_throughout(void) {
      |      ^
/Users/northkillpd/projects/thylacine-corona/kernel/test/test_dma_handle.c:575:1: note: declare 'static' if the function is not intended to be used outside of this translation unit
  575 | void test_skein_one_block_resolves_throughout(void) {
      | ^
      | static 
/Users/northkillpd/projects/thylacine-corona/kernel/test/test_dma_handle.c:612:6: warning: no previous prototype for function 'test_dma_segments_refuses_rather_than_truncates' [-Wmissing-prototypes]
  612 | void test_dma_segments_refuses_rather_than_truncates(void) {
      |      ^
/Users/northkillpd/projects/thylacine-corona/kernel/test/test_dma_handle.c:612:1: note: declare 'static' if the function is not intended to be used outside of this translation unit
  612 | void test_dma_segments_refuses_rather_than_truncates(void) {
      | ^
      | static 
10 warnings generated.
[ 73%] Building C object kernel/CMakeFiles/thylacine.elf.dir/test/test_pci_irq.c.obj
clang: warning: argument unused during compilation: '-fstack-clash-protection' [-Wunused-command-line-argument]
[ 74%] Building C object kernel/CMakeFiles/thylacine.elf.dir/test/test_pci_handle.c.obj
clang: warning: argument unused during compilation: '-fstack-clash-protection' [-Wunused-command-line-argument]
[ 74%] Building C object kernel/CMakeFiles/thylacine.elf.dir/test/test_handle_hw.c.obj
clang: warning: argument unused during compilation: '-fstack-clash-protection' [-Wunused-command-line-argument]
[ 75%] Building C object kernel/CMakeFiles/thylacine.elf.dir/test/test_burrow_mmio.c.obj
clang: warning: argument unused during compilation: '-fstack-clash-protection' [-Wunused-command-line-argument]
[ 75%] Building C object kernel/CMakeFiles/thylacine.elf.dir/test/test_mmio_map.c.obj
clang: warning: argument unused during compilation: '-fstack-clash-protection' [-Wunused-command-line-argument]
[ 75%] Building C object kernel/CMakeFiles/thylacine.elf.dir/test/test_mmio_probe.c.obj
clang: warning: argument unused during compilation: '-fstack-clash-protection' [-Wunused-command-line-argument]
[ 76%] Building C object kernel/CMakeFiles/thylacine.elf.dir/test/test_irq_probe.c.obj
clang: warning: argument unused during compilation: '-fstack-clash-protection' [-Wunused-command-line-argument]
[ 76%] Building C object kernel/CMakeFiles/thylacine.elf.dir/test/test_virtio_blk_probe.c.obj
clang: warning: argument unused during compilation: '-fstack-clash-protection' [-Wunused-command-line-argument]
[ 77%] Building C object kernel/CMakeFiles/thylacine.elf.dir/test/test_virtio_blk_rw.c.obj
clang: warning: argument unused during compilation: '-fstack-clash-protection' [-Wunused-command-line-argument]
[ 77%] Building C object kernel/CMakeFiles/thylacine.elf.dir/test/test_virtio_net_probe.c.obj
clang: warning: argument unused during compilation: '-fstack-clash-protection' [-Wunused-command-line-argument]
[ 77%] Building C object kernel/CMakeFiles/thylacine.elf.dir/test/test_virtio_net_arp.c.obj
clang: warning: argument unused during compilation: '-fstack-clash-protection' [-Wunused-command-line-argument]
[ 78%] Building C object kernel/CMakeFiles/thylacine.elf.dir/test/test_virtio_net_loop.c.obj
clang: warning: argument unused during compilation: '-fstack-clash-protection' [-Wunused-command-line-argument]
[ 78%] Building C object kernel/CMakeFiles/thylacine.elf.dir/test/test_virtio_input_probe.c.obj
clang: warning: argument unused during compilation: '-fstack-clash-protection' [-Wunused-command-line-argument]
[ 79%] Building C object kernel/CMakeFiles/thylacine.elf.dir/test/test_virtio_gpu_probe.c.obj
clang: warning: argument unused during compilation: '-fstack-clash-protection' [-Wunused-command-line-argument]
[ 79%] Building C object kernel/CMakeFiles/thylacine.elf.dir/test/test_uaccess.c.obj
clang: warning: argument unused during compilation: '-fstack-clash-protection' [-Wunused-command-line-argument]
[ 80%] Building C object kernel/CMakeFiles/thylacine.elf.dir/test/test_irq_latency_bench.c.obj
clang: warning: argument unused during compilation: '-fstack-clash-protection' [-Wunused-command-line-argument]
[ 80%] Building C object kernel/CMakeFiles/thylacine.elf.dir/test/test_driver_crash_recovery.c.obj
clang: warning: argument unused during compilation: '-fstack-clash-protection' [-Wunused-command-line-argument]
[ 80%] Building C object kernel/CMakeFiles/thylacine.elf.dir/test/test_9p_wire.c.obj
clang: warning: argument unused during compilation: '-fstack-clash-protection' [-Wunused-command-line-argument]
/Users/northkillpd/projects/thylacine-corona/kernel/test/test_9p_wire.c:1243:6: warning: no previous prototype for function 'test_9p_wire_twalkgetattr_round_trip' [-Wmissing-prototypes]
 1243 | void test_9p_wire_twalkgetattr_round_trip(void) {
      |      ^
/Users/northkillpd/projects/thylacine-corona/kernel/test/test_9p_wire.c:1243:1: note: declare 'static' if the function is not intended to be used outside of this translation unit
 1243 | void test_9p_wire_twalkgetattr_round_trip(void) {
      | ^
      | static 
1 warning generated.
[ 81%] Building C object kernel/CMakeFiles/thylacine.elf.dir/test/test_9p_session.c.obj
clang: warning: argument unused during compilation: '-fstack-clash-protection' [-Wunused-command-line-argument]
/Users/northkillpd/projects/thylacine-corona/kernel/test/test_9p_session.c:316:6: warning: no previous prototype for function 'test_9p_session_walk_fid_full_no_latch' [-Wmissing-prototypes]
  316 | void test_9p_session_walk_fid_full_no_latch(void) {
      |      ^
/Users/northkillpd/projects/thylacine-corona/kernel/test/test_9p_session.c:316:1: note: declare 'static' if the function is not intended to be used outside of this translation unit
  316 | void test_9p_session_walk_fid_full_no_latch(void) {
      | ^
      | static 
1 warning generated.
[ 81%] Building C object kernel/CMakeFiles/thylacine.elf.dir/test/test_9p_transport.c.obj
clang: warning: argument unused during compilation: '-fstack-clash-protection' [-Wunused-command-line-argument]
[ 82%] Building C object kernel/CMakeFiles/thylacine.elf.dir/test/test_9p_client.c.obj
clang: warning: argument unused during compilation: '-fstack-clash-protection' [-Wunused-command-line-argument]
/Users/northkillpd/projects/thylacine-corona/kernel/test/test_9p_client.c:104:5: warning: no previous prototype for function 'canonical_responder' [-Wmissing-prototypes]
  104 | int canonical_responder(void *ctx, const u8 *req, size_t req_len,
      |     ^
/Users/northkillpd/projects/thylacine-corona/kernel/test/test_9p_client.c:104:1: note: declare 'static' if the function is not intended to be used outside of this translation unit
  104 | int canonical_responder(void *ctx, const u8 *req, size_t req_len,
      | ^
      | static 
/Users/northkillpd/projects/thylacine-corona/kernel/test/test_9p_client.c:462:6: warning: no previous prototype for function 'test_9p_client_walkgetattr' [-Wmissing-prototypes]
  462 | void test_9p_client_walkgetattr(void) {
      |      ^
/Users/northkillpd/projects/thylacine-corona/kernel/test/test_9p_client.c:462:1: note: declare 'static' if the function is not intended to be used outside of this translation unit
  462 | void test_9p_client_walkgetattr(void) {
      | ^
      | static 
/Users/northkillpd/projects/thylacine-corona/kernel/test/test_9p_client.c:558:6: warning: no previous prototype for function 'test_9p_client_bulk_write_clamps_short' [-Wmissing-prototypes]
  558 | void test_9p_client_bulk_write_clamps_short(void) {
      |      ^
/Users/northkillpd/projects/thylacine-corona/kernel/test/test_9p_client.c:558:1: note: declare 'static' if the function is not intended to be used outside of this translation unit
  558 | void test_9p_client_bulk_write_clamps_short(void) {
      | ^
      | static 
/Users/northkillpd/projects/thylacine-corona/kernel/test/test_9p_client.c:1602:6: warning: no previous prototype for function 'test_9p_client_loom_link_cancel_cascade' [-Wmissing-prototypes]
 1602 | void test_9p_client_loom_link_cancel_cascade(void) {
      |      ^
/Users/northkillpd/projects/thylacine-corona/kernel/test/test_9p_client.c:1602:1: note: declare 'static' if the function is not intended to be used outside of this translation unit
 1602 | void test_9p_client_loom_link_cancel_cascade(void) {
      | ^
      | static 
/Users/northkillpd/projects/thylacine-corona/kernel/test/test_9p_client.c:1640:6: warning: no previous prototype for function 'test_9p_client_loom_link_success_ordering' [-Wmissing-prototypes]
 1640 | void test_9p_client_loom_link_success_ordering(void) {
      |      ^
/Users/northkillpd/projects/thylacine-corona/kernel/test/test_9p_client.c:1640:1: note: declare 'static' if the function is not intended to be used outside of this translation unit
 1640 | void test_9p_client_loom_link_success_ordering(void) {
      | ^
      | static 
/Users/northkillpd/projects/thylacine-corona/kernel/test/test_9p_client.c:1682:6: warning: no previous prototype for function 'test_9p_client_loom_drain_barrier' [-Wmissing-prototypes]
 1682 | void test_9p_client_loom_drain_barrier(void) {
      |      ^
/Users/northkillpd/projects/thylacine-corona/kernel/test/test_9p_client.c:1682:1: note: declare 'static' if the function is not intended to be used outside of this translation unit
 1682 | void test_9p_client_loom_drain_barrier(void) {
      | ^
      | static 
/Users/northkillpd/projects/thylacine-corona/kernel/test/test_9p_client.c:1723:6: warning: no previous prototype for function 'test_9p_client_loom_independent_past_held' [-Wmissing-prototypes]
 1723 | void test_9p_client_loom_independent_past_held(void) {
      |      ^
/Users/northkillpd/projects/thylacine-corona/kernel/test/test_9p_client.c:1723:1: note: declare 'static' if the function is not intended to be used outside of this translation unit
 1723 | void test_9p_client_loom_independent_past_held(void) {
      | ^
      | static 
/Users/northkillpd/projects/thylacine-corona/kernel/test/test_9p_client.c:1765:6: warning: no previous prototype for function 'test_9p_client_loom_drain_waits_for_rearm_pending' [-Wmissing-prototypes]
 1765 | void test_9p_client_loom_drain_waits_for_rearm_pending(void) {
      |      ^
/Users/northkillpd/projects/thylacine-corona/kernel/test/test_9p_client.c:1765:1: note: declare 'static' if the function is not intended to be used outside of this translation unit
 1765 | void test_9p_client_loom_drain_waits_for_rearm_pending(void) {
      | ^
      | static 
/Users/northkillpd/projects/thylacine-corona/kernel/test/test_9p_client.c:2054:6: warning: no previous prototype for function 'test_9p_client_loom_weft_read_e2e' [-Wmissing-prototypes]
 2054 | void test_9p_client_loom_weft_read_e2e(void) {
      |      ^
/Users/northkillpd/projects/thylacine-corona/kernel/test/test_9p_client.c:2054:1: note: declare 'static' if the function is not intended to be used outside of this translation unit
 2054 | void test_9p_client_loom_weft_read_e2e(void) {
      | ^
      | static 
/Users/northkillpd/projects/thylacine-corona/kernel/test/test_9p_client.c:2107:6: warning: no previous prototype for function 'test_9p_client_loom_weft_write_e2e' [-Wmissing-prototypes]
 2107 | void test_9p_client_loom_weft_write_e2e(void) {
      |      ^
/Users/northkillpd/projects/thylacine-corona/kernel/test/test_9p_client.c:2107:1: note: declare 'static' if the function is not intended to be used outside of this translation unit
 2107 | void test_9p_client_loom_weft_write_e2e(void) {
      | ^
      | static 
/Users/northkillpd/projects/thylacine-corona/kernel/test/test_9p_client.c:2157:6: warning: no previous prototype for function 'test_9p_client_loom_weft_hybrid_fallback' [-Wmissing-prototypes]
 2157 | void test_9p_client_loom_weft_hybrid_fallback(void) {
      |      ^
/Users/northkillpd/projects/thylacine-corona/kernel/test/test_9p_client.c:2157:1: note: declare 'static' if the function is not intended to be used outside of this translation unit
 2157 | void test_9p_client_loom_weft_hybrid_fallback(void) {
      | ^
      | static 
/Users/northkillpd/projects/thylacine-corona/kernel/test/test_9p_client.c:2203:6: warning: no previous prototype for function 'test_9p_client_loom_weft_oob_rejected' [-Wmissing-prototypes]
 2203 | void test_9p_client_loom_weft_oob_rejected(void) {
      |      ^
/Users/northkillpd/projects/thylacine-corona/kernel/test/test_9p_client.c:2203:1: note: declare 'static' if the function is not intended to be used outside of this translation unit
 2203 | void test_9p_client_loom_weft_oob_rejected(void) {
      | ^
      | static 
/Users/northkillpd/projects/thylacine-corona/kernel/test/test_9p_client.c:3492:6: warning: no previous prototype for function 'test_9p_client_loom_multi_inflight_e2e' [-Wmissing-prototypes]
 3492 | void test_9p_client_loom_multi_inflight_e2e(void) {
      |      ^
/Users/northkillpd/projects/thylacine-corona/kernel/test/test_9p_client.c:3492:1: note: declare 'static' if the function is not intended to be used outside of this translation unit
 3492 | void test_9p_client_loom_multi_inflight_e2e(void) {
      | ^
      | static 
/Users/northkillpd/projects/thylacine-corona/kernel/test/test_9p_client.c:3554:6: warning: no previous prototype for function 'test_9p_client_loom_multi_inflight_read_e2e' [-Wmissing-prototypes]
 3554 | void test_9p_client_loom_multi_inflight_read_e2e(void) {
      |      ^
/Users/northkillpd/projects/thylacine-corona/kernel/test/test_9p_client.c:3554:1: note: declare 'static' if the function is not intended to be used outside of this translation unit
 3554 | void test_9p_client_loom_multi_inflight_read_e2e(void) {
      | ^
      | static 
/Users/northkillpd/projects/thylacine-corona/kernel/test/test_9p_client.c:3622:6: warning: no previous prototype for function 'test_9p_client_async_clunk_burst_no_fid_leak' [-Wmissing-prototypes]
 3622 | void test_9p_client_async_clunk_burst_no_fid_leak(void) {
      |      ^
/Users/northkillpd/projects/thylacine-corona/kernel/test/test_9p_client.c:3622:1: note: declare 'static' if the function is not intended to be used outside of this translation unit
 3622 | void test_9p_client_async_clunk_burst_no_fid_leak(void) {
      | ^
      | static 
/Users/northkillpd/projects/thylacine-corona/kernel/test/test_9p_client.c:3681:6: warning: no previous prototype for function 'test_9p_client_send_backpressure_self_pump' [-Wmissing-prototypes]
 3681 | void test_9p_client_send_backpressure_self_pump(void) {
      |      ^
/Users/northkillpd/projects/thylacine-corona/kernel/test/test_9p_client.c:3681:1: note: declare 'static' if the function is not intended to be used outside of this translation unit
 3681 | void test_9p_client_send_backpressure_self_pump(void) {
      | ^
      | static 
/Users/northkillpd/projects/thylacine-corona/kernel/test/test_9p_client.c:3750:6: warning: no previous prototype for function 'test_9p_client_send_backpressure_multi_waiter' [-Wmissing-prototypes]
 3750 | void test_9p_client_send_backpressure_multi_waiter(void) {
      |      ^
/Users/northkillpd/projects/thylacine-corona/kernel/test/test_9p_client.c:3750:1: note: declare 'static' if the function is not intended to be used outside of this translation unit
 3750 | void test_9p_client_send_backpressure_multi_waiter(void) {
      | ^
      | static 
/Users/northkillpd/projects/thylacine-corona/kernel/test/test_9p_client.c:3811:6: warning: no previous prototype for function 'test_9p_client_send_backpressure_spill_survives_outbuf_reuse' [-Wmissing-prototypes]
 3811 | void test_9p_client_send_backpressure_spill_survives_outbuf_reuse(void) {
      |      ^
/Users/northkillpd/projects/thylacine-corona/kernel/test/test_9p_client.c:3811:1: note: declare 'static' if the function is not intended to be used outside of this translation unit
 3811 | void test_9p_client_send_backpressure_spill_survives_outbuf_reuse(void) {
      | ^
      | static 
/Users/northkillpd/projects/thylacine-corona/kernel/test/test_9p_client.c:3872:6: warning: no previous prototype for function 'test_9p_client_abandon_async_eagain_keeps_session_alive' [-Wmissing-prototypes]
 3872 | void test_9p_client_abandon_async_eagain_keeps_session_alive(void) {
      |      ^
/Users/northkillpd/projects/thylacine-corona/kernel/test/test_9p_client.c:3872:1: note: declare 'static' if the function is not intended to be used outside of this translation unit
 3872 | void test_9p_client_abandon_async_eagain_keeps_session_alive(void) {
      | ^
      | static 
/Users/northkillpd/projects/thylacine-corona/kernel/test/test_9p_client.c:3936:6: warning: no previous prototype for function 'test_9p_client_async_send_eagain_keeps_session_alive' [-Wmissing-prototypes]
 3936 | void test_9p_client_async_send_eagain_keeps_session_alive(void) {
      |      ^
/Users/northkillpd/projects/thylacine-corona/kernel/test/test_9p_client.c:3936:1: note: declare 'static' if the function is not intended to be used outside of this translation unit
 3936 | void test_9p_client_async_send_eagain_keeps_session_alive(void) {
      | ^
      | static 
/Users/northkillpd/projects/thylacine-corona/kernel/test/test_9p_client.c:4006:6: warning: no previous prototype for function 'test_9p_client_async_full_tag_pool_is_eagain' [-Wmissing-prototypes]
 4006 | void test_9p_client_async_full_tag_pool_is_eagain(void) {
      |      ^
/Users/northkillpd/projects/thylacine-corona/kernel/test/test_9p_client.c:4006:1: note: declare 'static' if the function is not intended to be used outside of this translation unit
 4006 | void test_9p_client_async_full_tag_pool_is_eagain(void) {
      | ^
      | static 
21 warnings generated.
[ 82%] Building C object kernel/CMakeFiles/thylacine.elf.dir/test/test_larder.c.obj
clang: warning: argument unused during compilation: '-fstack-clash-protection' [-Wunused-command-line-argument]
/Users/northkillpd/projects/thylacine-corona/kernel/test/test_larder.c:693:6: warning: no previous prototype for function 'test_larder_attr_downgrade_perm_only' [-Wmissing-prototypes]
  693 | void test_larder_attr_downgrade_perm_only(void) {
      |      ^
/Users/northkillpd/projects/thylacine-corona/kernel/test/test_larder.c:693:1: note: declare 'static' if the function is not intended to be used outside of this translation unit
  693 | void test_larder_attr_downgrade_perm_only(void) {
      | ^
      | static 
/Users/northkillpd/projects/thylacine-corona/kernel/test/test_larder.c:737:6: warning: no previous prototype for function 'test_larder_downgrade_guards_raced_populate' [-Wmissing-prototypes]
  737 | void test_larder_downgrade_guards_raced_populate(void) {
      |      ^
/Users/northkillpd/projects/thylacine-corona/kernel/test/test_larder.c:737:1: note: declare 'static' if the function is not intended to be used outside of this translation unit
  737 | void test_larder_downgrade_guards_raced_populate(void) {
      | ^
      | static 
/Users/northkillpd/projects/thylacine-corona/kernel/test/test_larder.c:757:6: warning: no previous prototype for function 'test_larder_gen_scope_qid' [-Wmissing-prototypes]
  757 | void test_larder_gen_scope_qid(void) {
      |      ^
/Users/northkillpd/projects/thylacine-corona/kernel/test/test_larder.c:757:1: note: declare 'static' if the function is not intended to be used outside of this translation unit
  757 | void test_larder_gen_scope_qid(void) {
      | ^
      | static 
3 warnings generated.
[ 83%] Building C object kernel/CMakeFiles/thylacine.elf.dir/test/test_dev9p.c.obj
clang: warning: argument unused during compilation: '-fstack-clash-protection' [-Wunused-command-line-argument]
/Users/northkillpd/projects/thylacine-corona/kernel/test/test_dev9p.c:735:6: warning: no previous prototype for function 'test_dev9p_open_errno' [-Wmissing-prototypes]
  735 | void test_dev9p_open_errno(void) {
      |      ^
/Users/northkillpd/projects/thylacine-corona/kernel/test/test_dev9p.c:735:1: note: declare 'static' if the function is not intended to be used outside of this translation unit
  735 | void test_dev9p_open_errno(void) {
      | ^
      | static 
/Users/northkillpd/projects/thylacine-corona/kernel/test/test_dev9p.c:823:6: warning: no previous prototype for function 'test_dev9p_write_read_propagate_errno' [-Wmissing-prototypes]
  823 | void test_dev9p_write_read_propagate_errno(void) {
      |      ^
/Users/northkillpd/projects/thylacine-corona/kernel/test/test_dev9p.c:823:1: note: declare 'static' if the function is not intended to be used outside of this translation unit
  823 | void test_dev9p_write_read_propagate_errno(void) {
      | ^
      | static 
/Users/northkillpd/projects/thylacine-corona/kernel/test/test_dev9p.c:985:6: warning: no previous prototype for function 'test_dev9p_create_invalidates_reused_child' [-Wmissing-prototypes]
  985 | void test_dev9p_create_invalidates_reused_child(void) {
      |      ^
/Users/northkillpd/projects/thylacine-corona/kernel/test/test_dev9p.c:985:1: note: declare 'static' if the function is not intended to be used outside of this translation unit
  985 | void test_dev9p_create_invalidates_reused_child(void) {
      | ^
      | static 
/Users/northkillpd/projects/thylacine-corona/kernel/test/test_dev9p.c:1025:6: warning: no previous prototype for function 'test_dev9p_create_invalidates_reused_child_pages' [-Wmissing-prototypes]
 1025 | void test_dev9p_create_invalidates_reused_child_pages(void) {
      |      ^
/Users/northkillpd/projects/thylacine-corona/kernel/test/test_dev9p.c:1025:1: note: declare 'static' if the function is not intended to be used outside of this translation unit
 1025 | void test_dev9p_create_invalidates_reused_child_pages(void) {
      | ^
      | static 
/Users/northkillpd/projects/thylacine-corona/kernel/test/test_dev9p.c:1062:6: warning: no previous prototype for function 'test_dev9p_create_downgrades_parent_attr' [-Wmissing-prototypes]
 1062 | void test_dev9p_create_downgrades_parent_attr(void) {
      |      ^
/Users/northkillpd/projects/thylacine-corona/kernel/test/test_dev9p.c:1062:1: note: declare 'static' if the function is not intended to be used outside of this translation unit
 1062 | void test_dev9p_create_downgrades_parent_attr(void) {
      | ^
      | static 
/Users/northkillpd/projects/thylacine-corona/kernel/test/test_dev9p.c:1123:6: warning: no previous prototype for function 'test_dev9p_dirfid_consume_and_recycle' [-Wmissing-prototypes]
 1123 | void test_dev9p_dirfid_consume_and_recycle(void) {
      |      ^
/Users/northkillpd/projects/thylacine-corona/kernel/test/test_dev9p.c:1123:1: note: declare 'static' if the function is not intended to be used outside of this translation unit
 1123 | void test_dev9p_dirfid_consume_and_recycle(void) {
      | ^
      | static 
/Users/northkillpd/projects/thylacine-corona/kernel/test/test_dev9p.c:1169:6: warning: no previous prototype for function 'test_dev9p_dirfid_perm_only_leaf_consume' [-Wmissing-prototypes]
 1169 | void test_dev9p_dirfid_perm_only_leaf_consume(void) {
      |      ^
/Users/northkillpd/projects/thylacine-corona/kernel/test/test_dev9p.c:1169:1: note: declare 'static' if the function is not intended to be used outside of this translation unit
 1169 | void test_dev9p_dirfid_perm_only_leaf_consume(void) {
      | ^
      | static 
/Users/northkillpd/projects/thylacine-corona/kernel/test/test_dev9p.c:1205:6: warning: no previous prototype for function 'test_dev9p_dirfid_create_reuse_drop' [-Wmissing-prototypes]
 1205 | void test_dev9p_dirfid_create_reuse_drop(void) {
      |      ^
/Users/northkillpd/projects/thylacine-corona/kernel/test/test_dev9p.c:1205:1: note: declare 'static' if the function is not intended to be used outside of this translation unit
 1205 | void test_dev9p_dirfid_create_reuse_drop(void) {
      | ^
      | static 
/Users/northkillpd/projects/thylacine-corona/kernel/test/test_dev9p.c:1248:6: warning: no previous prototype for function 'test_dev9p_dirfid_rmdir_drop_and_no_stale_repark' [-Wmissing-prototypes]
 1248 | void test_dev9p_dirfid_rmdir_drop_and_no_stale_repark(void) {
      |      ^
/Users/northkillpd/projects/thylacine-corona/kernel/test/test_dev9p.c:1248:1: note: declare 'static' if the function is not intended to be used outside of this translation unit
 1248 | void test_dev9p_dirfid_rmdir_drop_and_no_stale_repark(void) {
      | ^
      | static 
/Users/northkillpd/projects/thylacine-corona/kernel/test/test_dev9p.c:1301:6: warning: no previous prototype for function 'test_dev9p_dirfid_suspect_not_reparked' [-Wmissing-prototypes]
 1301 | void test_dev9p_dirfid_suspect_not_reparked(void) {
      |      ^
/Users/northkillpd/projects/thylacine-corona/kernel/test/test_dev9p.c:1301:1: note: declare 'static' if the function is not intended to be used outside of this translation unit
 1301 | void test_dev9p_dirfid_suspect_not_reparked(void) {
      | ^
      | static 
/Users/northkillpd/projects/thylacine-corona/kernel/test/test_dev9p.c:1337:6: warning: no previous prototype for function 'test_dev9p_create_invalidates_negative_dentry' [-Wmissing-prototypes]
 1337 | void test_dev9p_create_invalidates_negative_dentry(void) {
      |      ^
/Users/northkillpd/projects/thylacine-corona/kernel/test/test_dev9p.c:1337:1: note: declare 'static' if the function is not intended to be used outside of this translation unit
 1337 | void test_dev9p_create_invalidates_negative_dentry(void) {
      | ^
      | static 
/Users/northkillpd/projects/thylacine-corona/kernel/test/test_dev9p.c:1424:6: warning: no previous prototype for function 'test_dev9p_readdir_cookie_high_bit' [-Wmissing-prototypes]
 1424 | void test_dev9p_readdir_cookie_high_bit(void) {
      |      ^
/Users/northkillpd/projects/thylacine-corona/kernel/test/test_dev9p.c:1424:1: note: declare 'static' if the function is not intended to be used outside of this translation unit
 1424 | void test_dev9p_readdir_cookie_high_bit(void) {
      | ^
      | static 
/Users/northkillpd/projects/thylacine-corona/kernel/test/test_dev9p.c:1443:6: warning: no previous prototype for function 'test_dev9p_rename' [-Wmissing-prototypes]
 1443 | void test_dev9p_rename(void) {
      |      ^
/Users/northkillpd/projects/thylacine-corona/kernel/test/test_dev9p.c:1443:1: note: declare 'static' if the function is not intended to be used outside of this translation unit
 1443 | void test_dev9p_rename(void) {
      | ^
      | static 
/Users/northkillpd/projects/thylacine-corona/kernel/test/test_dev9p.c:1455:6: warning: no previous prototype for function 'test_dev9p_unlink' [-Wmissing-prototypes]
 1455 | void test_dev9p_unlink(void) {
      |      ^
/Users/northkillpd/projects/thylacine-corona/kernel/test/test_dev9p.c:1455:1: note: declare 'static' if the function is not intended to be used outside of this translation unit
 1455 | void test_dev9p_unlink(void) {
      | ^
      | static 
/Users/northkillpd/projects/thylacine-corona/kernel/test/test_dev9p.c:1480:6: warning: no previous prototype for function 'test_dev9p_unlink_rename_errno_propagates' [-Wmissing-prototypes]
 1480 | void test_dev9p_unlink_rename_errno_propagates(void) {
      |      ^
/Users/northkillpd/projects/thylacine-corona/kernel/test/test_dev9p.c:1480:1: note: declare 'static' if the function is not intended to be used outside of this translation unit
 1480 | void test_dev9p_unlink_rename_errno_propagates(void) {
      | ^
      | static 
/Users/northkillpd/projects/thylacine-corona/kernel/test/test_dev9p.c:1526:6: warning: no previous prototype for function 'test_dev9p_stat_native_maps_getattr' [-Wmissing-prototypes]
 1526 | void test_dev9p_stat_native_maps_getattr(void) {
      |      ^
/Users/northkillpd/projects/thylacine-corona/kernel/test/test_dev9p.c:1526:1: note: declare 'static' if the function is not intended to be used outside of this translation unit
 1526 | void test_dev9p_stat_native_maps_getattr(void) {
      | ^
      | static 
/Users/northkillpd/projects/thylacine-corona/kernel/test/test_dev9p.c:1543:6: warning: no previous prototype for function 'test_dev9p_wstat_native_drives_setattr' [-Wmissing-prototypes]
 1543 | void test_dev9p_wstat_native_drives_setattr(void) {
      |      ^
/Users/northkillpd/projects/thylacine-corona/kernel/test/test_dev9p.c:1543:1: note: declare 'static' if the function is not intended to be used outside of this translation unit
 1543 | void test_dev9p_wstat_native_drives_setattr(void) {
      | ^
      | static 
/Users/northkillpd/projects/thylacine-corona/kernel/test/test_dev9p.c:1574:6: warning: no previous prototype for function 'test_dev9p_perm_enforced_deny_allow' [-Wmissing-prototypes]
 1574 | void test_dev9p_perm_enforced_deny_allow(void) {
      |      ^
/Users/northkillpd/projects/thylacine-corona/kernel/test/test_dev9p.c:1574:1: note: declare 'static' if the function is not intended to be used outside of this translation unit
 1574 | void test_dev9p_perm_enforced_deny_allow(void) {
      | ^
      | static 
/Users/northkillpd/projects/thylacine-corona/kernel/test/test_dev9p.c:2629:6: warning: no previous prototype for function 'test_dev9p_read_align_heals_partial' [-Wmissing-prototypes]
 2629 | void test_dev9p_read_align_heals_partial(void) {
      |      ^
/Users/northkillpd/projects/thylacine-corona/kernel/test/test_dev9p.c:2629:1: note: declare 'static' if the function is not intended to be used outside of this translation unit
 2629 | void test_dev9p_read_align_heals_partial(void) {
      | ^
      | static 
/Users/northkillpd/projects/thylacine-corona/kernel/test/test_dev9p.c:2699:6: warning: no previous prototype for function 'test_dev9p_read_align_short_not_eof' [-Wmissing-prototypes]
 2699 | void test_dev9p_read_align_short_not_eof(void) {
      |      ^
/Users/northkillpd/projects/thylacine-corona/kernel/test/test_dev9p.c:2699:1: note: declare 'static' if the function is not intended to be used outside of this translation unit
 2699 | void test_dev9p_read_align_short_not_eof(void) {
      | ^
      | static 
/Users/northkillpd/projects/thylacine-corona/kernel/test/test_dev9p.c:2750:6: warning: no previous prototype for function 'test_dev9p_open_trunc_invalidates' [-Wmissing-prototypes]
 2750 | void test_dev9p_open_trunc_invalidates(void) {
      |      ^
/Users/northkillpd/projects/thylacine-corona/kernel/test/test_dev9p.c:2750:1: note: declare 'static' if the function is not intended to be used outside of this translation unit
 2750 | void test_dev9p_open_trunc_invalidates(void) {
      | ^
      | static 
/Users/northkillpd/projects/thylacine-corona/kernel/test/test_dev9p.c:2792:6: warning: no previous prototype for function 'test_dev9p_read_eof_attr_served' [-Wmissing-prototypes]
 2792 | void test_dev9p_read_eof_attr_served(void) {
      |      ^
/Users/northkillpd/projects/thylacine-corona/kernel/test/test_dev9p.c:2792:1: note: declare 'static' if the function is not intended to be used outside of this translation unit
 2792 | void test_dev9p_read_eof_attr_served(void) {
      | ^
      | static 
/Users/northkillpd/projects/thylacine-corona/kernel/test/test_dev9p.c:3627:6: warning: no previous prototype for function 'test_dev9p_stalk_open_errno' [-Wmissing-prototypes]
 3627 | void test_dev9p_stalk_open_errno(void) {
      |      ^
/Users/northkillpd/projects/thylacine-corona/kernel/test/test_dev9p.c:3627:1: note: declare 'static' if the function is not intended to be used outside of this translation unit
 3627 | void test_dev9p_stalk_open_errno(void) {
      | ^
      | static 
/Users/northkillpd/projects/thylacine-corona/kernel/test/test_dev9p.c:3649:6: warning: no previous prototype for function 'test_dev9p_open_create_noent_then_create' [-Wmissing-prototypes]
 3649 | void test_dev9p_open_create_noent_then_create(void) {
      |      ^
/Users/northkillpd/projects/thylacine-corona/kernel/test/test_dev9p.c:3649:1: note: declare 'static' if the function is not intended to be used outside of this translation unit
 3649 | void test_dev9p_open_create_noent_then_create(void) {
      | ^
      | static 
/Users/northkillpd/projects/thylacine-corona/kernel/test/test_dev9p.c:3689:6: warning: no previous prototype for function 'test_dev9p_open_create_exists_race_retries_open' [-Wmissing-prototypes]
 3689 | void test_dev9p_open_create_exists_race_retries_open(void) {
      |      ^
/Users/northkillpd/projects/thylacine-corona/kernel/test/test_dev9p.c:3689:1: note: declare 'static' if the function is not intended to be used outside of this translation unit
 3689 | void test_dev9p_open_create_exists_race_retries_open(void) {
      | ^
      | static 
/Users/northkillpd/projects/thylacine-corona/kernel/test/test_dev9p.c:3721:6: warning: no previous prototype for function 'test_dev9p_open_create_excl_eexist_exact' [-Wmissing-prototypes]
 3721 | void test_dev9p_open_create_excl_eexist_exact(void) {
      |      ^
/Users/northkillpd/projects/thylacine-corona/kernel/test/test_dev9p.c:3721:1: note: declare 'static' if the function is not intended to be used outside of this translation unit
 3721 | void test_dev9p_open_create_excl_eexist_exact(void) {
      | ^
      | static 
26 warnings generated.
[ 83%] Building C object kernel/CMakeFiles/thylacine.elf.dir/test/test_perm.c.obj
clang: warning: argument unused during compilation: '-fstack-clash-protection' [-Wunused-command-line-argument]
[ 83%] Building C object kernel/CMakeFiles/thylacine.elf.dir/test/test_path.c.obj
clang: warning: argument unused during compilation: '-fstack-clash-protection' [-Wunused-command-line-argument]
[ 84%] Building C object kernel/CMakeFiles/thylacine.elf.dir/test/test_stalk.c.obj
clang: warning: argument unused during compilation: '-fstack-clash-protection' [-Wunused-command-line-argument]
/Users/northkillpd/projects/thylacine-corona/kernel/test/test_stalk.c:814:6: warning: no previous prototype for function 'test_stalk_err_codes' [-Wmissing-prototypes]
  814 | void test_stalk_err_codes(void) {
      |      ^
/Users/northkillpd/projects/thylacine-corona/kernel/test/test_stalk.c:814:1: note: declare 'static' if the function is not intended to be used outside of this translation unit
  814 | void test_stalk_err_codes(void) {
      | ^
      | static 
/Users/northkillpd/projects/thylacine-corona/kernel/test/test_stalk.c:3225:6: warning: no previous prototype for function 'test_stalk_long_component_bound' [-Wmissing-prototypes]
 3225 | void test_stalk_long_component_bound(void) {
      |      ^
/Users/northkillpd/projects/thylacine-corona/kernel/test/test_stalk.c:3225:1: note: declare 'static' if the function is not intended to be used outside of this translation unit
 3225 | void test_stalk_long_component_bound(void) {
      | ^
      | static 
2 warnings generated.
[ 84%] Building C object kernel/CMakeFiles/thylacine.elf.dir/test/test_9p_attach.c.obj
clang: warning: argument unused during compilation: '-fstack-clash-protection' [-Wunused-command-line-argument]
[ 85%] Building C object kernel/CMakeFiles/thylacine.elf.dir/test/test_9p_closer.c.obj
clang: warning: argument unused during compilation: '-fstack-clash-protection' [-Wunused-command-line-argument]
[ 85%] Building C object kernel/CMakeFiles/thylacine.elf.dir/test/test_9p_spoor_transport.c.obj
clang: warning: argument unused during compilation: '-fstack-clash-protection' [-Wunused-command-line-argument]
[ 86%] Building C object kernel/CMakeFiles/thylacine.elf.dir/test/test_9p_srvconn_transport.c.obj
clang: warning: argument unused during compilation: '-fstack-clash-protection' [-Wunused-command-line-argument]
[ 86%] Building C object kernel/CMakeFiles/thylacine.elf.dir/test/test_territory_pivot_root.c.obj
clang: warning: argument unused during compilation: '-fstack-clash-protection' [-Wunused-command-line-argument]
[ 86%] Building C object kernel/CMakeFiles/thylacine.elf.dir/test/test_pipe.c.obj
clang: warning: argument unused during compilation: '-fstack-clash-protection' [-Wunused-command-line-argument]
/Users/northkillpd/projects/thylacine-corona/kernel/test/test_pipe.c:175:6: warning: no previous prototype for function 'test_pipe_nonblock_returns_eagain' [-Wmissing-prototypes]
  175 | void test_pipe_nonblock_returns_eagain(void) {
      |      ^
/Users/northkillpd/projects/thylacine-corona/kernel/test/test_pipe.c:175:1: note: declare 'static' if the function is not intended to be used outside of this translation unit
  175 | void test_pipe_nonblock_returns_eagain(void) {
      | ^
      | static 
/Users/northkillpd/projects/thylacine-corona/kernel/test/test_pipe.c:241:6: warning: no previous prototype for function 'test_pipe_cnbframe_atomic_nonblocking' [-Wmissing-prototypes]
  241 | void test_pipe_cnbframe_atomic_nonblocking(void) {
      |      ^
/Users/northkillpd/projects/thylacine-corona/kernel/test/test_pipe.c:241:1: note: declare 'static' if the function is not intended to be used outside of this translation unit
  241 | void test_pipe_cnbframe_atomic_nonblocking(void) {
      | ^
      | static 
/Users/northkillpd/projects/thylacine-corona/kernel/test/test_pipe.c:292:6: warning: no previous prototype for function 'test_pipe_attach_9p_admits_pipes_only' [-Wmissing-prototypes]
  292 | void test_pipe_attach_9p_admits_pipes_only(void) {
      |      ^
/Users/northkillpd/projects/thylacine-corona/kernel/test/test_pipe.c:292:1: note: declare 'static' if the function is not intended to be used outside of this translation unit
  292 | void test_pipe_attach_9p_admits_pipes_only(void) {
      | ^
      | static 
/Users/northkillpd/projects/thylacine-corona/kernel/test/test_pipe.c:554:6: warning: no previous prototype for function 'test_pipe_fstat_reports_fifo' [-Wmissing-prototypes]
  554 | void test_pipe_fstat_reports_fifo(void) {
      |      ^
/Users/northkillpd/projects/thylacine-corona/kernel/test/test_pipe.c:554:1: note: declare 'static' if the function is not intended to be used outside of this translation unit
  554 | void test_pipe_fstat_reports_fifo(void) {
      | ^
      | static 
4 warnings generated.
[ 87%] Building C object kernel/CMakeFiles/thylacine.elf.dir/test/test_pipe_blocking.c.obj
clang: warning: argument unused during compilation: '-fstack-clash-protection' [-Wunused-command-line-argument]
[ 87%] Building C object kernel/CMakeFiles/thylacine.elf.dir/test/test_poll.c.obj
clang: warning: argument unused during compilation: '-fstack-clash-protection' [-Wunused-command-line-argument]
/Users/northkillpd/projects/thylacine-corona/kernel/test/test_poll.c:336:6: warning: no previous prototype for function 'test_poll_cons_deferred_block_then_wake' [-Wmissing-prototypes]
  336 | void test_poll_cons_deferred_block_then_wake(void) {
      |      ^
/Users/northkillpd/projects/thylacine-corona/kernel/test/test_poll.c:336:1: note: declare 'static' if the function is not intended to be used outside of this translation unit
  336 | void test_poll_cons_deferred_block_then_wake(void) {
      | ^
      | static 
1 warning generated.
[ 88%] Building C object kernel/CMakeFiles/thylacine.elf.dir/test/test_srvconn.c.obj
clang: warning: argument unused during compilation: '-fstack-clash-protection' [-Wunused-command-line-argument]
/Users/northkillpd/projects/thylacine-corona/kernel/test/test_srvconn.c:596:6: warning: no previous prototype for function 'test_srvconn_bulk_ring_class' [-Wmissing-prototypes]
  596 | void test_srvconn_bulk_ring_class(void) {
      |      ^
/Users/northkillpd/projects/thylacine-corona/kernel/test/test_srvconn.c:596:1: note: declare 'static' if the function is not intended to be used outside of this translation unit
  596 | void test_srvconn_bulk_ring_class(void) {
      | ^
      | static 
/Users/northkillpd/projects/thylacine-corona/kernel/test/test_srvconn.c:716:6: warning: no previous prototype for function 'test_srvconn_role_park_second_writer' [-Wmissing-prototypes]
  716 | void test_srvconn_role_park_second_writer(void) {
      |      ^
/Users/northkillpd/projects/thylacine-corona/kernel/test/test_srvconn.c:716:1: note: declare 'static' if the function is not intended to be used outside of this translation unit
  716 | void test_srvconn_role_park_second_writer(void) {
      | ^
      | static 
/Users/northkillpd/projects/thylacine-corona/kernel/test/test_srvconn.c:824:6: warning: no previous prototype for function 'test_srvconn_role_park_second_reader' [-Wmissing-prototypes]
  824 | void test_srvconn_role_park_second_reader(void) {
      |      ^
/Users/northkillpd/projects/thylacine-corona/kernel/test/test_srvconn.c:824:1: note: declare 'static' if the function is not intended to be used outside of this translation unit
  824 | void test_srvconn_role_park_second_reader(void) {
      | ^
      | static 
/Users/northkillpd/projects/thylacine-corona/kernel/test/test_srvconn.c:902:6: warning: no previous prototype for function 'test_srvconn_client_send_blocking_backpressure' [-Wmissing-prototypes]
  902 | void test_srvconn_client_send_blocking_backpressure(void) {
      |      ^
/Users/northkillpd/projects/thylacine-corona/kernel/test/test_srvconn.c:902:1: note: declare 'static' if the function is not intended to be used outside of this translation unit
  902 | void test_srvconn_client_send_blocking_backpressure(void) {
      | ^
      | static 
/Users/northkillpd/projects/thylacine-corona/kernel/test/test_srvconn.c:1035:6: warning: no previous prototype for function 'test_srvconn_client_send_blocking_poll_edge' [-Wmissing-prototypes]
 1035 | void test_srvconn_client_send_blocking_poll_edge(void) {
      |      ^
/Users/northkillpd/projects/thylacine-corona/kernel/test/test_srvconn.c:1035:1: note: declare 'static' if the function is not intended to be used outside of this translation unit
 1035 | void test_srvconn_client_send_blocking_poll_edge(void) {
      | ^
      | static 
5 warnings generated.
[ 88%] Building C object kernel/CMakeFiles/thylacine.elf.dir/test/test_pts.c.obj
clang: warning: argument unused during compilation: '-fstack-clash-protection' [-Wunused-command-line-argument]
[ 88%] Building C object kernel/CMakeFiles/thylacine.elf.dir/test/test_devsrv_conn.c.obj
clang: warning: argument unused during compilation: '-fstack-clash-protection' [-Wunused-command-line-argument]
[ 89%] Building C object kernel/CMakeFiles/thylacine.elf.dir/test/test_srv_client.c.obj
clang: warning: argument unused during compilation: '-fstack-clash-protection' [-Wunused-command-line-argument]
[ 89%] Building C object kernel/CMakeFiles/thylacine.elf.dir/test/test_sys_pipe.c.obj
clang: warning: argument unused during compilation: '-fstack-clash-protection' [-Wunused-command-line-argument]
/Users/northkillpd/projects/thylacine-corona/kernel/test/test_sys_pipe.c:259:6: warning: no previous prototype for function 'test_sys_pipe_dup_spoor_handle_acquires_ref' [-Wmissing-prototypes]
  259 | void test_sys_pipe_dup_spoor_handle_acquires_ref(void) {
      |      ^
/Users/northkillpd/projects/thylacine-corona/kernel/test/test_sys_pipe.c:259:1: note: declare 'static' if the function is not intended to be used outside of this translation unit
  259 | void test_sys_pipe_dup_spoor_handle_acquires_ref(void) {
      | ^
      | static 
/Users/northkillpd/projects/thylacine-corona/kernel/test/test_sys_pipe.c:658:6: warning: no previous prototype for function 'test_sys_pipe_fstat_reports_fifo' [-Wmissing-prototypes]
  658 | void test_sys_pipe_fstat_reports_fifo(void) {
      |      ^
/Users/northkillpd/projects/thylacine-corona/kernel/test/test_sys_pipe.c:658:1: note: declare 'static' if the function is not intended to be used outside of this translation unit
  658 | void test_sys_pipe_fstat_reports_fifo(void) {
      | ^
      | static 
2 warnings generated.
[ 90%] Building C object kernel/CMakeFiles/thylacine.elf.dir/test/test_sys_mount.c.obj
clang: warning: argument unused during compilation: '-fstack-clash-protection' [-Wunused-command-line-argument]
[ 90%] Building C object kernel/CMakeFiles/thylacine.elf.dir/test/test_sys_corvus.c.obj
clang: warning: argument unused during compilation: '-fstack-clash-protection' [-Wunused-command-line-argument]
[ 91%] Building C object kernel/CMakeFiles/thylacine.elf.dir/test/test_sys_spawn.c.obj
clang: warning: argument unused during compilation: '-fstack-clash-protection' [-Wunused-command-line-argument]
[ 91%] Building C object kernel/CMakeFiles/thylacine.elf.dir/test/test_sys_spawn_with_fds.c.obj
clang: warning: argument unused during compilation: '-fstack-clash-protection' [-Wunused-command-line-argument]
[ 91%] Building C object kernel/CMakeFiles/thylacine.elf.dir/test/test_sys_spawn_with_caps.c.obj
clang: warning: argument unused during compilation: '-fstack-clash-protection' [-Wunused-command-line-argument]
[ 92%] Building C object kernel/CMakeFiles/thylacine.elf.dir/test/test_sys_spawn_full.c.obj
clang: warning: argument unused during compilation: '-fstack-clash-protection' [-Wunused-command-line-argument]
[ 92%] Building C object kernel/CMakeFiles/thylacine.elf.dir/test/test_sys_spawn_with_perms.c.obj
clang: warning: argument unused during compilation: '-fstack-clash-protection' [-Wunused-command-line-argument]
/Users/northkillpd/projects/thylacine-corona/kernel/test/test_sys_spawn_with_perms.c:387:6: warning: no previous prototype for function 'test_sys_spawn_with_perms_renderer_gate' [-Wmissing-prototypes]
  387 | void test_sys_spawn_with_perms_renderer_gate(void) {
      |      ^
/Users/northkillpd/projects/thylacine-corona/kernel/test/test_sys_spawn_with_perms.c:387:1: note: declare 'static' if the function is not intended to be used outside of this translation unit
  387 | void test_sys_spawn_with_perms_renderer_gate(void) {
      | ^
      | static 
/Users/northkillpd/projects/thylacine-corona/kernel/test/test_sys_spawn_with_perms.c:528:6: warning: no previous prototype for function 'test_sys_spawn_with_perms_seal_blocks_debug_and_dump' [-Wmissing-prototypes]
  528 | void test_sys_spawn_with_perms_seal_blocks_debug_and_dump(void) {
      |      ^
/Users/northkillpd/projects/thylacine-corona/kernel/test/test_sys_spawn_with_perms.c:528:1: note: declare 'static' if the function is not intended to be used outside of this translation unit
  528 | void test_sys_spawn_with_perms_seal_blocks_debug_and_dump(void) {
      | ^
      | static 
2 warnings generated.
[ 93%] Building C object kernel/CMakeFiles/thylacine.elf.dir/test/test_sys_spawn_full_argv.c.obj
clang: warning: argument unused during compilation: '-fstack-clash-protection' [-Wunused-command-line-argument]
[ 93%] Building C object kernel/CMakeFiles/thylacine.elf.dir/test/test_sys_burrow.c.obj
clang: warning: argument unused during compilation: '-fstack-clash-protection' [-Wunused-command-line-argument]
/Users/northkillpd/projects/thylacine-corona/kernel/test/test_sys_burrow.c:420:6: warning: no previous prototype for function 'test_sys_burrow_attach_lazy_large' [-Wmissing-prototypes]
  420 | void test_sys_burrow_attach_lazy_large(void) {
      |      ^
/Users/northkillpd/projects/thylacine-corona/kernel/test/test_sys_burrow.c:420:1: note: declare 'static' if the function is not intended to be used outside of this translation unit
  420 | void test_sys_burrow_attach_lazy_large(void) {
      | ^
      | static 
/Users/northkillpd/projects/thylacine-corona/kernel/test/test_sys_burrow.c:515:6: warning: no previous prototype for function 'test_burrow_map_fixed_split_left' [-Wmissing-prototypes]
  515 | void test_burrow_map_fixed_split_left(void) {
      |      ^
/Users/northkillpd/projects/thylacine-corona/kernel/test/test_sys_burrow.c:515:1: note: declare 'static' if the function is not intended to be used outside of this translation unit
  515 | void test_burrow_map_fixed_split_left(void) {
      | ^
      | static 
/Users/northkillpd/projects/thylacine-corona/kernel/test/test_sys_burrow.c:550:6: warning: no previous prototype for function 'test_burrow_map_fixed_split_right' [-Wmissing-prototypes]
  550 | void test_burrow_map_fixed_split_right(void) {
      |      ^
/Users/northkillpd/projects/thylacine-corona/kernel/test/test_sys_burrow.c:550:1: note: declare 'static' if the function is not intended to be used outside of this translation unit
  550 | void test_burrow_map_fixed_split_right(void) {
      | ^
      | static 
/Users/northkillpd/projects/thylacine-corona/kernel/test/test_sys_burrow.c:586:6: warning: no previous prototype for function 'test_burrow_map_fixed_split_three_way' [-Wmissing-prototypes]
  586 | void test_burrow_map_fixed_split_three_way(void) {
      |      ^
/Users/northkillpd/projects/thylacine-corona/kernel/test/test_sys_burrow.c:586:1: note: declare 'static' if the function is not intended to be used outside of this translation unit
  586 | void test_burrow_map_fixed_split_three_way(void) {
      | ^
      | static 
/Users/northkillpd/projects/thylacine-corona/kernel/test/test_sys_burrow.c:624:6: warning: no previous prototype for function 'test_burrow_map_fixed_exact_cover' [-Wmissing-prototypes]
  624 | void test_burrow_map_fixed_exact_cover(void) {
      |      ^
/Users/northkillpd/projects/thylacine-corona/kernel/test/test_sys_burrow.c:624:1: note: declare 'static' if the function is not intended to be used outside of this translation unit
  624 | void test_burrow_map_fixed_exact_cover(void) {
      | ^
      | static 
/Users/northkillpd/projects/thylacine-corona/kernel/test/test_sys_burrow.c:651:6: warning: no previous prototype for function 'test_burrow_map_fixed_carries_offset' [-Wmissing-prototypes]
  651 | void test_burrow_map_fixed_carries_offset(void) {
      |      ^
/Users/northkillpd/projects/thylacine-corona/kernel/test/test_sys_burrow.c:651:1: note: declare 'static' if the function is not intended to be used outside of this translation unit
  651 | void test_burrow_map_fixed_carries_offset(void) {
      | ^
      | static 
/Users/northkillpd/projects/thylacine-corona/kernel/test/test_sys_burrow.c:676:6: warning: no previous prototype for function 'test_burrow_map_fixed_refusals' [-Wmissing-prototypes]
  676 | void test_burrow_map_fixed_refusals(void) {
      |      ^
/Users/northkillpd/projects/thylacine-corona/kernel/test/test_sys_burrow.c:676:1: note: declare 'static' if the function is not intended to be used outside of this translation unit
  676 | void test_burrow_map_fixed_refusals(void) {
      | ^
      | static 
/Users/northkillpd/projects/thylacine-corona/kernel/test/test_sys_burrow.c:752:6: warning: no previous prototype for function 'test_burrow_map_fixed_successive' [-Wmissing-prototypes]
  752 | void test_burrow_map_fixed_successive(void) {
      |      ^
/Users/northkillpd/projects/thylacine-corona/kernel/test/test_sys_burrow.c:752:1: note: declare 'static' if the function is not intended to be used outside of this translation unit
  752 | void test_burrow_map_fixed_successive(void) {
      | ^
      | static 
/Users/northkillpd/projects/thylacine-corona/kernel/test/test_sys_burrow.c:801:6: warning: no previous prototype for function 'test_burrow_map_fixed_into_free_space' [-Wmissing-prototypes]
  801 | void test_burrow_map_fixed_into_free_space(void) {
      |      ^
/Users/northkillpd/projects/thylacine-corona/kernel/test/test_sys_burrow.c:801:1: note: declare 'static' if the function is not intended to be used outside of this translation unit
  801 | void test_burrow_map_fixed_into_free_space(void) {
      | ^
      | static 
/Users/northkillpd/projects/thylacine-corona/kernel/test/test_sys_burrow.c:867:6: warning: no previous prototype for function 'test_burrow_munmap_range_tiled' [-Wmissing-prototypes]
  867 | void test_burrow_munmap_range_tiled(void) {
      |      ^
/Users/northkillpd/projects/thylacine-corona/kernel/test/test_sys_burrow.c:867:1: note: declare 'static' if the function is not intended to be used outside of this translation unit
  867 | void test_burrow_munmap_range_tiled(void) {
      | ^
      | static 
/Users/northkillpd/projects/thylacine-corona/kernel/test/test_sys_burrow.c:911:6: warning: no previous prototype for function 'test_burrow_munmap_range_partial_trims' [-Wmissing-prototypes]
  911 | void test_burrow_munmap_range_partial_trims(void) {
      |      ^
/Users/northkillpd/projects/thylacine-corona/kernel/test/test_sys_burrow.c:911:1: note: declare 'static' if the function is not intended to be used outside of this translation unit
  911 | void test_burrow_munmap_range_partial_trims(void) {
      | ^
      | static 
/Users/northkillpd/projects/thylacine-corona/kernel/test/test_sys_burrow.c:943:6: warning: no previous prototype for function 'test_burrow_munmap_range_empty_ok' [-Wmissing-prototypes]
  943 | void test_burrow_munmap_range_empty_ok(void) {
      |      ^
/Users/northkillpd/projects/thylacine-corona/kernel/test/test_sys_burrow.c:943:1: note: declare 'static' if the function is not intended to be used outside of this translation unit
  943 | void test_burrow_munmap_range_empty_ok(void) {
      | ^
      | static 
/Users/northkillpd/projects/thylacine-corona/kernel/test/test_sys_burrow.c:1016:6: warning: no previous prototype for function 'test_burrow_detach_file_frees_outside_lock' [-Wmissing-prototypes]
 1016 | void test_burrow_detach_file_frees_outside_lock(void) {
      |      ^
/Users/northkillpd/projects/thylacine-corona/kernel/test/test_sys_burrow.c:1016:1: note: declare 'static' if the function is not intended to be used outside of this translation unit
 1016 | void test_burrow_detach_file_frees_outside_lock(void) {
      | ^
      | static 
/Users/northkillpd/projects/thylacine-corona/kernel/test/test_sys_burrow.c:1035:6: warning: no previous prototype for function 'test_burrow_munmap_range_file_frees_outside_lock' [-Wmissing-prototypes]
 1035 | void test_burrow_munmap_range_file_frees_outside_lock(void) {
      |      ^
/Users/northkillpd/projects/thylacine-corona/kernel/test/test_sys_burrow.c:1035:1: note: declare 'static' if the function is not intended to be used outside of this translation unit
 1035 | void test_burrow_munmap_range_file_frees_outside_lock(void) {
      | ^
      | static 
/Users/northkillpd/projects/thylacine-corona/kernel/test/test_sys_burrow.c:1064:6: warning: no previous prototype for function 'test_burrow_map_fixed_replace_file_frees_outside_lock' [-Wmissing-prototypes]
 1064 | void test_burrow_map_fixed_replace_file_frees_outside_lock(void) {
      |      ^
/Users/northkillpd/projects/thylacine-corona/kernel/test/test_sys_burrow.c:1064:1: note: declare 'static' if the function is not intended to be used outside of this translation unit
 1064 | void test_burrow_map_fixed_replace_file_frees_outside_lock(void) {
      | ^
      | static 
/Users/northkillpd/projects/thylacine-corona/kernel/test/test_sys_burrow.c:1099:6: warning: no previous prototype for function 'test_burrow_map_fixed_refuses_code_alias' [-Wmissing-prototypes]
 1099 | void test_burrow_map_fixed_refuses_code_alias(void) {
      |      ^
/Users/northkillpd/projects/thylacine-corona/kernel/test/test_sys_burrow.c:1099:1: note: declare 'static' if the function is not intended to be used outside of this translation unit
 1099 | void test_burrow_map_fixed_refuses_code_alias(void) {
      | ^
      | static 
16 warnings generated.
[ 94%] Building C object kernel/CMakeFiles/thylacine.elf.dir/test/test_protect.c.obj
clang: warning: argument unused during compilation: '-fstack-clash-protection' [-Wunused-command-line-argument]
[ 94%] Building C object kernel/CMakeFiles/thylacine.elf.dir/test/test_capacity.c.obj
clang: warning: argument unused during compilation: '-fstack-clash-protection' [-Wunused-command-line-argument]
/Users/northkillpd/projects/thylacine-corona/kernel/test/test_capacity.c:864:6: warning: no previous prototype for function 'test_capacity_fork_clone_charges_pages_and_nodes' [-Wmissing-prototypes]
  864 | void test_capacity_fork_clone_charges_pages_and_nodes(void) {
      |      ^
/Users/northkillpd/projects/thylacine-corona/kernel/test/test_capacity.c:864:1: note: declare 'static' if the function is not intended to be used outside of this translation unit
  864 | void test_capacity_fork_clone_charges_pages_and_nodes(void) {
      | ^
      | static 
1 warning generated.
[ 94%] Building C object kernel/CMakeFiles/thylacine.elf.dir/test/test_torpor.c.obj
clang: warning: argument unused during compilation: '-fstack-clash-protection' [-Wunused-command-line-argument]
[ 95%] Building C object kernel/CMakeFiles/thylacine.elf.dir/test/test_loom.c.obj
clang: warning: argument unused during compilation: '-fstack-clash-protection' [-Wunused-command-line-argument]
/Users/northkillpd/projects/thylacine-corona/kernel/test/test_loom.c:1059:6: warning: no previous prototype for function 'test_loom_sqpoll_charges_thread_budget' [-Wmissing-prototypes]
 1059 | void test_loom_sqpoll_charges_thread_budget(void) {
      |      ^
/Users/northkillpd/projects/thylacine-corona/kernel/test/test_loom.c:1059:1: note: declare 'static' if the function is not intended to be used outside of this translation unit
 1059 | void test_loom_sqpoll_charges_thread_budget(void) {
      | ^
      | static 
1 warning generated.
[ 95%] Building C object kernel/CMakeFiles/thylacine.elf.dir/test/test_weft_ring.c.obj
clang: warning: argument unused during compilation: '-fstack-clash-protection' [-Wunused-command-line-argument]
/Users/northkillpd/projects/thylacine-corona/kernel/test/test_weft_ring.c:229:6: warning: no previous prototype for function 'test_weft_binding_validate_rw' [-Wmissing-prototypes]
  229 | void test_weft_binding_validate_rw(void) {
      |      ^
/Users/northkillpd/projects/thylacine-corona/kernel/test/test_weft_ring.c:229:1: note: declare 'static' if the function is not intended to be used outside of this translation unit
  229 | void test_weft_binding_validate_rw(void) {
      | ^
      | static 
1 warning generated.
[ 96%] Building C object kernel/CMakeFiles/thylacine.elf.dir/test/test_weft_share.c.obj
clang: warning: argument unused during compilation: '-fstack-clash-protection' [-Wunused-command-line-argument]
/Users/northkillpd/projects/thylacine-corona/kernel/test/test_weft_share.c:811:6: warning: no previous prototype for function 'test_weft_reap_kproc_pid_survives_walk' [-Wmissing-prototypes]
  811 | void test_weft_reap_kproc_pid_survives_walk(void) {
      |      ^
/Users/northkillpd/projects/thylacine-corona/kernel/test/test_weft_share.c:811:1: note: declare 'static' if the function is not intended to be used outside of this translation unit
  811 | void test_weft_reap_kproc_pid_survives_walk(void) {
      | ^
      | static 
/Users/northkillpd/projects/thylacine-corona/kernel/test/test_weft_share.c:1164:6: warning: no previous prototype for function 'test_weft_hostmem_refcount' [-Wmissing-prototypes]
 1164 | void test_weft_hostmem_refcount(void) {
      |      ^
/Users/northkillpd/projects/thylacine-corona/kernel/test/test_weft_share.c:1164:1: note: declare 'static' if the function is not intended to be used outside of this translation unit
 1164 | void test_weft_hostmem_refcount(void) {
      | ^
      | static 
/Users/northkillpd/projects/thylacine-corona/kernel/test/test_weft_share.c:1251:6: warning: no previous prototype for function 'test_weft_hostmem_resolve' [-Wmissing-prototypes]
 1251 | void test_weft_hostmem_resolve(void) {
      |      ^
/Users/northkillpd/projects/thylacine-corona/kernel/test/test_weft_share.c:1251:1: note: declare 'static' if the function is not intended to be used outside of this translation unit
 1251 | void test_weft_hostmem_resolve(void) {
      | ^
      | static 
3 warnings generated.
[ 96%] Building C object kernel/CMakeFiles/thylacine.elf.dir/test/test_notes.c.obj
clang: warning: argument unused during compilation: '-fstack-clash-protection' [-Wunused-command-line-argument]
/Users/northkillpd/projects/thylacine-corona/kernel/test/test_notes.c:923:6: warning: no previous prototype for function 'test_notes_pipe_die_pending' [-Wmissing-prototypes]
  923 | void test_notes_pipe_die_pending(void) {
      |      ^
/Users/northkillpd/projects/thylacine-corona/kernel/test/test_notes.c:923:1: note: declare 'static' if the function is not intended to be used outside of this translation unit
  923 | void test_notes_pipe_die_pending(void) {
      | ^
      | static 
1 warning generated.
[ 97%] Building C object kernel/CMakeFiles/thylacine.elf.dir/test/test_thread_spawn.c.obj
clang: warning: argument unused during compilation: '-fstack-clash-protection' [-Wunused-command-line-argument]
/Users/northkillpd/projects/thylacine-corona/kernel/test/test_thread_spawn.c:350:6: warning: no previous prototype for function 'test_proc_wait_pid_concurrent_waiters_both_reap' [-Wmissing-prototypes]
  350 | void test_proc_wait_pid_concurrent_waiters_both_reap(void) {
      |      ^
/Users/northkillpd/projects/thylacine-corona/kernel/test/test_thread_spawn.c:350:1: note: declare 'static' if the function is not intended to be used outside of this translation unit
  350 | void test_proc_wait_pid_concurrent_waiters_both_reap(void) {
      | ^
      | static 
1 warning generated.
[ 97%] Building C object kernel/CMakeFiles/thylacine.elf.dir/test/test_pipe_probe.c.obj
clang: warning: argument unused during compilation: '-fstack-clash-protection' [-Wunused-command-line-argument]
[ 97%] Building C object kernel/CMakeFiles/thylacine.elf.dir/test/test_attach_probe.c.obj
clang: warning: argument unused during compilation: '-fstack-clash-protection' [-Wunused-command-line-argument]
[ 98%] Building C object kernel/CMakeFiles/thylacine.elf.dir/test/test_stratumd_stub.c.obj
clang: warning: argument unused during compilation: '-fstack-clash-protection' [-Wunused-command-line-argument]
[ 98%] Building C object kernel/CMakeFiles/thylacine.elf.dir/test/test_stub_driver.c.obj
clang: warning: argument unused during compilation: '-fstack-clash-protection' [-Wunused-command-line-argument]
[ 99%] Building C object kernel/CMakeFiles/thylacine.elf.dir/9p_transport_loopback.c.obj
clang: warning: argument unused during compilation: '-fstack-clash-protection' [-Wunused-command-line-argument]
[ 99%] Building C object kernel/CMakeFiles/thylacine.elf.dir/9p_transport_mq.c.obj
clang: warning: argument unused during compilation: '-fstack-clash-protection' [-Wunused-command-line-argument]
[100%] Linking C executable ../thylacine.elf
Kernel post-link: flat binary + size summary
Flat binary: /Users/northkillpd/projects/thylacine-corona/build/kernel/thylacine.bin
-rwxr-xr-x@ 1 northkillpd  staff  2684512 Oct  7 00:23 /Users/northkillpd/projects/thylacine-corona/build/kernel/thylacine.bin
-rwxr-xr-x@ 1 northkillpd  staff  9339376 Oct  7 00:23 /Users/northkillpd/projects/thylacine-corona/build/kernel/thylacine.elf
-105553112484320 0000000000041864 b g_ns_client
-105553110894200 0000000000041864 b g_reap_fake_client
-105553111292768 0000000000041864 b g_sc_client
-105553111827400 0000000000047456 b pc
-105553113228376 0000000000058720 D g_tests
-105553112415952 0000000000065536 b test_exec_interp_argv_shape.big
-105553111075363 0000000000065792 b g_pe_payload
-105553110996800 0000000000083728 b pti_front_clients
-105553111174703 0000000000098304 b test_srvconn_bulk_ring_class.bigframe
-105553113026560 0000000000143360 B g_secondary_boot_stacks
leaf-check: mmu_program_this_cpu must stay a frameless register-only leaf (#214)
[100%] Built target thylacine.elf
==> HX-2: regenerated in-kernel symbol table (pass 1) -- re-linking
[  0%] Building C object kernel/CMakeFiles/thylacine.elf.dir/__/generated/halls_symtab.c.obj
clang: warning: argument unused during compilation: '-fstack-clash-protection' [-Wunused-command-line-argument]
[  1%] Linking C executable ../thylacine.elf
Kernel post-link: flat binary + size summary
Flat binary: /Users/northkillpd/projects/thylacine-corona/build/kernel/thylacine.bin
-rwxr-xr-x@ 1 northkillpd  staff  2840160 Oct  7 00:23 /Users/northkillpd/projects/thylacine-corona/build/kernel/thylacine.bin
-rwxr-xr-x@ 1 northkillpd  staff  9495056 Oct  7 00:23 /Users/northkillpd/projects/thylacine-corona/build/kernel/thylacine.elf
-105553110738552 0000000000041864 b g_reap_fake_client
-105553111137120 0000000000041864 b g_sc_client
-105553111671752 0000000000047456 b pc
-105553113072728 0000000000058720 D g_tests
-105553112260304 0000000000065536 b test_exec_interp_argv_shape.big
-105553110919715 0000000000065792 b g_pe_payload
-105553110841152 0000000000083728 b pti_front_clients
-105553111019055 0000000000098304 b test_srvconn_bulk_ring_class.bigframe
-105553113230876 0000000000118968 R halls_symtab_names
-105553112870912 0000000000143360 B g_secondary_boot_stacks
leaf-check: mmu_program_this_cpu must stay a frameless register-only leaf (#214)
[100%] Built target thylacine.elf
==> HX-2: symbol table stable (converged after 1 re-link)
==> Kernel built: /Users/northkillpd/projects/thylacine-corona/build/kernel/thylacine.elf
==> [build.sh] kernel ELF: BUILT (Debug, hardening=OFF, kaslr=OFF, sanitize='none', tests=ON)
-rwxr-xr-x@ 1 northkillpd  staff  9495056 Oct  7 00:23 /Users/northkillpd/projects/thylacine-corona/build/kernel/thylacine.elf
==> Generating system recovery phrase header (corvus-mint emit-phrase)
    Finished `release` profile [optimized] target(s) in 0.18s
corvus-mint: emitted system recovery phrase header -> /Users/northkillpd/projects/thylacine-corona/build/generated/corvus_system_recovery_phrase.h
==> [build.sh] system recovery phrase header: GENERATED (/Users/northkillpd/projects/thylacine-corona/build/generated/corvus_system_recovery_phrase.h; seed=corvus-mint default)
==> Building userspace C (dir=/Users/northkillpd/projects/thylacine-corona/build/usr, boot_probes=ON)
-- The C compiler identification is Clang 22.1.4
-- The ASM compiler identification is Clang with GNU-like command-line
-- Found assembler: /opt/homebrew/opt/llvm/bin/clang
-- Detecting C compiler ABI info
-- Detecting C compiler ABI info - failed
-- Detecting C compile features
-- Detecting C compile features - done
-- Configuring done (0.4s)
-- Generating done (0.0s)
-- Build files have been written to: /Users/northkillpd/projects/thylacine-corona/build/usr
[  4%] Building ASM object lib/libt/CMakeFiles/t.dir/src/start.S.obj
clang: warning: argument unused during compilation: '-fstack-clash-protection' [-Wunused-command-line-argument]
[  9%] Linking ASM static library ../libt.a
[  9%] Built target t
[ 13%] Building C object hello/CMakeFiles/hello.dir/hello.c.obj
clang: warning: argument unused during compilation: '-fstack-clash-protection' [-Wunused-command-line-argument]
[ 18%] Linking C executable hello
[ 18%] Built target hello
[ 22%] Building C object joey/CMakeFiles/joey.dir/joey.c.obj
clang: warning: argument unused during compilation: '-fstack-clash-protection' [-Wunused-command-line-argument]
[ 27%] Linking C executable joey
[ 27%] Built target joey
[ 31%] Building C object pipe-probe/CMakeFiles/pipe-probe.dir/pipe-probe.c.obj
clang: warning: argument unused during compilation: '-fstack-clash-protection' [-Wunused-command-line-argument]
[ 36%] Linking C executable pipe-probe
[ 36%] Built target pipe-probe
[ 40%] Building C object attach-probe/CMakeFiles/attach-probe.dir/attach-probe.c.obj
clang: warning: argument unused during compilation: '-fstack-clash-protection' [-Wunused-command-line-argument]
[ 45%] Linking C executable attach-probe
[ 45%] Built target attach-probe
[ 50%] Building C object stratumd-stub/CMakeFiles/stratumd-stub.dir/stratumd-stub.c.obj
clang: warning: argument unused during compilation: '-fstack-clash-protection' [-Wunused-command-line-argument]
[ 54%] Linking C executable stratumd-stub
[ 54%] Built target stratumd-stub
[ 59%] Building C object stub-driver/CMakeFiles/stub-driver.dir/stub-driver.c.obj
clang: warning: argument unused during compilation: '-fstack-clash-protection' [-Wunused-command-line-argument]
[ 63%] Linking C executable stub-driver
[ 63%] Built target stub-driver
[ 68%] Building C object stub-fs-probe/CMakeFiles/stub-fs-probe.dir/stub-fs-probe.c.obj
clang: warning: argument unused during compilation: '-fstack-clash-protection' [-Wunused-command-line-argument]
[ 72%] Linking C executable stub-fs-probe
[ 72%] Built target stub-fs-probe
[ 77%] Building C object stub-walk-probe/CMakeFiles/stub-walk-probe.dir/stub-walk-probe.c.obj
clang: warning: argument unused during compilation: '-fstack-clash-protection' [-Wunused-command-line-argument]
/Users/northkillpd/projects/thylacine-corona/usr/stub-walk-probe/stub-walk-probe.c:45:6: warning: no previous prototype for function '_start' [-Wmissing-prototypes]
   45 | void _start(void) {
      |      ^
/Users/northkillpd/projects/thylacine-corona/usr/stub-walk-probe/stub-walk-probe.c:45:1: note: declare 'static' if the function is not intended to be used outside of this translation unit
   45 | void _start(void) {
      | ^
      | static 
1 warning generated.
[ 81%] Linking C executable stub-walk-probe
[ 81%] Built target stub-walk-probe
[ 86%] Building C object thread-probe/CMakeFiles/thread-probe.dir/thread-probe.c.obj
clang: warning: argument unused during compilation: '-fstack-clash-protection' [-Wunused-command-line-argument]
[ 90%] Linking C executable thread-probe
[ 90%] Built target thread-probe
[ 95%] Building C object thread-fault-probe/CMakeFiles/thread-fault-probe.dir/thread-fault-probe.c.obj
clang: warning: argument unused during compilation: '-fstack-clash-protection' [-Wunused-command-line-argument]
[100%] Linking C executable thread-fault-probe
[100%] Built target thread-fault-probe
==> Userspace C built under /Users/northkillpd/projects/thylacine-corona/build/usr
==> [build.sh] userspace: BUILT (native libt C binaries + the Rust workspace below; boot_probes=ON)
-rwxr-xr-x@ 1 northkillpd  staff  14496 Oct  7 00:23 /Users/northkillpd/projects/thylacine-corona/build/usr/hello/hello
==> Building userspace Rust (target=aarch64-unknown-none, dir=/Users/northkillpd/projects/thylacine-corona/build/usr-rs)
warning: unstable feature specified for `-Ctarget-feature`: `outline-atomics`
  |
  = note: this feature is not stably supported; its behavior can change in the future

warning: `ninep` (lib) generated 1 warning
warning: `beacon` (lib) generated 1 warning (1 duplicate)
warning: `vt` (lib) generated 1 warning (1 duplicate)
warning: constant `DAYLIGHT` is never used
   --> lib/libhalcyon/src/theme.rs:404:18
    |
404 | pub(crate) const DAYLIGHT: Theme = DAYLIGHT_THEME;
    |                  ^^^^^^^^
    |
    = note: `#[warn(dead_code)]` (part of `#[warn(unused)]`) on by default

warning: `thyla-heap` (lib) generated 1 warning (1 duplicate)
warning: `libhalcyon` (lib) generated 2 warnings (1 duplicate)
warning: unnecessary `unsafe` block
   --> lib/libthyla-rs/src/hardware.rs:453:22
    |
453 |         let handle = unsafe { Handle::from_raw(raw as i32, Rights::READ | Rights::WRITE | Rights::SIGNAL) };
    |                      ^^^^^^ unnecessary `unsafe` block
    |
    = note: `#[warn(unused_unsafe)]` (part of `#[warn(unused)]`) on by default

warning: `libthyla-rs` (lib) generated 2 warnings (1 duplicate)
warning: `coreutils` (lib) generated 1 warning (1 duplicate)
warning: `libdriver` (lib) generated 1 warning (1 duplicate)
warning: `fasces` (lib) generated 1 warning (1 duplicate)
warning: `kaua` (lib) generated 1 warning (1 duplicate)
warning: `libutopia` (lib) generated 1 warning (1 duplicate)
warning: `libtapestry` (lib) generated 1 warning (1 duplicate)
warning: `cornucopia` (lib) generated 1 warning (1 duplicate)
warning: `inlinewire` (lib) generated 1 warning (1 duplicate)
warning: `ptyhold` (lib) generated 1 warning (1 duplicate)
warning: constant `ISR_QUEUE` is never used
  --> lictor/src/backend/gpu.rs:70:7
   |
70 | const ISR_QUEUE: u8 = 1 << 0;
   |       ^^^^^^^^^
   |
   = note: `#[warn(dead_code)]` (part of `#[warn(unused)]`) on by default

warning: `lictor` (lib) generated 2 warnings (1 duplicate)
warning: `parley` (lib) generated 1 warning (1 duplicate)
warning: `tls` (lib) generated 1 warning (1 duplicate)
warning: `kaua-term` (lib) generated 1 warning (1 duplicate)
warning: `cartoon` (lib) generated 1 warning (1 duplicate)
warning: `view` (lib) generated 1 warning (1 duplicate)
warning: `manual` (lib) generated 1 warning (1 duplicate)
warning: `curl` (lib) generated 1 warning (1 duplicate)
warning: `netdev` (lib) generated 1 warning (1 duplicate)
warning: `lantern` (lib) generated 1 warning (1 duplicate)
warning: `gallery` (lib) generated 1 warning (1 duplicate)
warning: `tapestryd` (lib) generated 1 warning (1 duplicate)
   Compiling halcyond v0.1.0 (/Users/northkillpd/projects/thylacine-corona/usr/halcyond)
warning: `corvus-crypto` (lib) generated 1 warning (1 duplicate)
warning: `nora` (lib) generated 1 warning (1 duplicate)
warning: `aurora` (lib) generated 1 warning (1 duplicate)
warning: `haul` (lib) generated 1 warning (1 duplicate)
warning: `halcyon` (lib) generated 1 warning (1 duplicate)
warning: unused variable: `nsegs`
    --> tapestryd/src/server.rs:4376:18
     |
4376 |         let (va, nsegs) = match self.map_in_window(fd, size, "conv probe", &mut segs) {
     |                  ^^^^^ help: if this is intentional, prefix it with an underscore: `_nsegs`
     |
     = note: `#[warn(unused_variables)]` (part of `#[warn(unused)]`) on by default

warning: unused variable: `nsegs`
    --> tapestryd/src/server.rs:5660:18
     |
5660 |         let (va, nsegs) = match self.map_in_window(handle, size, "screen", &mut segs) {
     |                  ^^^^^ help: if this is intentional, prefix it with an underscore: `_nsegs`

warning: unused variable: `nsegs`
     --> tapestryd/src/server.rs:11226:18
      |
11226 |         let (va, nsegs) = match self.map_in_window(fd, size, "warp probe", &mut segs) {
      |                  ^^^^^ help: if this is intentional, prefix it with an underscore: `_nsegs`

warning: unused variable: `pa`
     --> tapestryd/src/server.rs:12531:13
      |
12531 |         let pa = segs[0].pa as i64;
      |             ^^ help: if this is intentional, prefix it with an underscore: `_pa`

warning: value assigned to `gcrit_end` is never read
     --> tapestryd/src/server.rs:16821:33
      |
16821 |             let mut gcrit_end = s.len();
      |                                 ^^^^^^^ this value is reassigned later and never used
...
16963 |                 gcrit_end = s.len();
      |                 ------------------- `gcrit_end` is overwritten here before the previous value is read
      |
      = note: `#[warn(unused_assignments)]` (part of `#[warn(unused)]`) on by default

warning: value assigned to `crit_end` is never read
     --> tapestryd/src/server.rs:17046:40
      |
17046 |                     let mut crit_end = 0usize;
      |                                        ^^^^^^ this value is reassigned later and never used
...
17115 |                         crit_end = s.len();
      |                         ------------------ `crit_end` is overwritten here before the previous value is read

warning: `corvus` (bin "corvus") generated 1 warning (1 duplicate)
warning: `aurora` (bin "aurora") generated 1 warning (1 duplicate)
warning: `netd` (bin "netd") generated 1 warning (1 duplicate)
warning: `halcyon` (bin "halcyon") generated 1 warning (1 duplicate)
warning: `nora` (bin "nora") generated 1 warning (1 duplicate)
warning: `haul` (bin "haul") generated 1 warning (1 duplicate)
warning: `tapestryd` (bin "tapestryd") generated 7 warnings (1 duplicate) (run `cargo fix --bin "tapestryd" -p tapestryd` to apply 4 suggestions)
warning: `lantern` (bin "lantern") generated 1 warning (1 duplicate)
warning: `gallery` (bin "gallery") generated 1 warning (1 duplicate)
warning: `curl` (bin "curl") generated 1 warning (1 duplicate)
warning: `netdev-driver` (bin "netdev-driver") generated 1 warning (1 duplicate)
warning: `curl` (bin "wget") generated 1 warning (1 duplicate)
warning: `manual` (bin "manual") generated 1 warning (1 duplicate)
warning: `view` (bin "view") generated 1 warning (1 duplicate)
warning: unused macro definition: `say`
  --> kaua-term-probe/src/main.rs:50:14
   |
50 | macro_rules! say {
   |              ^^^
   |
   = note: `#[warn(unused_macros)]` (part of `#[warn(unused)]`) on by default

warning: unexpected `cfg` condition value: `test-mode`
   --> kaua-term-probe/src/../../halcyond/src/paneplace.rs:975:11
    |
975 |     #[cfg(feature="test-mode")]
    |           ^^^^^^^^^^^^^^^^^^^
    |
    = note: expected values for `feature` are: `interaction-qualification` and `readiness-qualification`
    = help: consider adding `test-mode` as a feature in `Cargo.toml`
    = note: see <https://doc.rust-lang.org/nightly/rustc/check-cfg/cargo-specifics.html> for more information about checking conditional configuration
    = note: `#[warn(unexpected_cfgs)]` on by default

warning: unexpected `cfg` condition value: `test-mode`
   --> kaua-term-probe/src/../../halcyond/src/paneplace.rs:993:11
    |
993 |     #[cfg(feature="test-mode")]
    |           ^^^^^^^^^^^^^^^^^^^
    |
    = note: expected values for `feature` are: `interaction-qualification` and `readiness-qualification`
    = help: consider adding `test-mode` as a feature in `Cargo.toml`
    = note: see <https://doc.rust-lang.org/nightly/rustc/check-cfg/cargo-specifics.html> for more information about checking conditional configuration

warning: unexpected `cfg` condition value: `test-mode`
    --> kaua-term-probe/src/../../halcyond/src/paneplace.rs:1029:23
     |
1029 |                 #[cfg(feature="test-mode")]
     |                       ^^^^^^^^^^^^^^^^^^^
     |
     = note: expected values for `feature` are: `interaction-qualification` and `readiness-qualification`
     = help: consider adding `test-mode` as a feature in `Cargo.toml`
     = note: see <https://doc.rust-lang.org/nightly/rustc/check-cfg/cargo-specifics.html> for more information about checking conditional configuration

warning: unexpected `cfg` condition value: `test-mode`
    --> kaua-term-probe/src/../../halcyond/src/paneplace.rs:1039:46
     |
1039 |             .map(|owner| Self { owner, #[cfg(feature="test-mode")] seen_bindings: 0 })
     |                                              ^^^^^^^^^^^^^^^^^^^
     |
     = note: expected values for `feature` are: `interaction-qualification` and `readiness-qualification`
     = help: consider adding `test-mode` as a feature in `Cargo.toml`
     = note: see <https://doc.rust-lang.org/nightly/rustc/check-cfg/cargo-specifics.html> for more information about checking conditional configuration

warning: unexpected `cfg` condition value: `test-mode`
    --> kaua-term-probe/src/../../halcyond/src/paneplace.rs:1139:15
     |
1139 |         #[cfg(feature="test-mode")]
     |               ^^^^^^^^^^^^^^^^^^^
     |
     = note: expected values for `feature` are: `interaction-qualification` and `readiness-qualification`
     = help: consider adding `test-mode` as a feature in `Cargo.toml`
     = note: see <https://doc.rust-lang.org/nightly/rustc/check-cfg/cargo-specifics.html> for more information about checking conditional configuration

warning: unexpected `cfg` condition value: `test-mode`
    --> kaua-term-probe/src/../../halcyond/src/paneplace.rs:1266:19
     |
1266 |             #[cfg(feature="test-mode")]
     |                   ^^^^^^^^^^^^^^^^^^^
     |
     = note: expected values for `feature` are: `interaction-qualification` and `readiness-qualification`
     = help: consider adding `test-mode` as a feature in `Cargo.toml`
     = note: see <https://doc.rust-lang.org/nightly/rustc/check-cfg/cargo-specifics.html> for more information about checking conditional configuration

warning: unexpected `cfg` condition value: `test-mode`
  --> kaua-term-probe/src/../../halcyond/src/session_seat.rs:37:11
   |
37 |     #[cfg(feature="test-mode")]
   |           ^^^^^^^^^^^^^^^^^^^
   |
   = note: expected values for `feature` are: `interaction-qualification` and `readiness-qualification`
   = help: consider adding `test-mode` as a feature in `Cargo.toml`
   = note: see <https://doc.rust-lang.org/nightly/rustc/check-cfg/cargo-specifics.html> for more information about checking conditional configuration

warning: unexpected `cfg` condition value: `test-mode`
   --> kaua-term-probe/src/../../halcyond/src/session_seat.rs:109:11
    |
109 |     #[cfg(feature="test-mode")]
    |           ^^^^^^^^^^^^^^^^^^^
    |
    = note: expected values for `feature` are: `interaction-qualification` and `readiness-qualification`
    = help: consider adding `test-mode` as a feature in `Cargo.toml`
    = note: see <https://doc.rust-lang.org/nightly/rustc/check-cfg/cargo-specifics.html> for more information about checking conditional configuration

warning: unexpected `cfg` condition value: `test-mode`
  --> kaua-term-probe/src/../../halcyond/src/session_seat.rs:63:19
   |
63 |             #[cfg(feature="test-mode")]
   |                   ^^^^^^^^^^^^^^^^^^^
   |
   = note: expected values for `feature` are: `interaction-qualification` and `readiness-qualification`
   = help: consider adding `test-mode` as a feature in `Cargo.toml`
   = note: see <https://doc.rust-lang.org/nightly/rustc/check-cfg/cargo-specifics.html> for more information about checking conditional configuration

warning: unexpected `cfg` condition value: `test-mode`
   --> kaua-term-probe/src/../../halcyond/src/session_seat.rs:177:27
    |
177 |                     #[cfg(feature="test-mode")]
    |                           ^^^^^^^^^^^^^^^^^^^
    |
    = note: expected values for `feature` are: `interaction-qualification` and `readiness-qualification`
    = help: consider adding `test-mode` as a feature in `Cargo.toml`
    = note: see <https://doc.rust-lang.org/nightly/rustc/check-cfg/cargo-specifics.html> for more information about checking conditional configuration

warning: method `output_reserved` is never used
  --> kaua-term-probe/src/../../halcyond/src/application.rs:76:12
   |
47 | impl Application {
   | ---------------- method in this implementation
...
76 |     pub fn output_reserved(&self) -> usize { 0 } // all reply metadata is inline
   |            ^^^^^^^^^^^^^^^
   |
   = note: `#[warn(dead_code)]` (part of `#[warn(unused)]`) on by default

warning: method `incarnation` is never used
  --> kaua-term-probe/src/../../halcyond/src/apprecord.rs:21:12
   |
20 | impl Ticket {
   | ----------- method in this implementation
21 |     pub fn incarnation(self) -> u64 { self.incarnation }
   |            ^^^^^^^^^^^

warning: method `output_reserved` is never used
  --> kaua-term-probe/src/../../halcyond/src/apprecord.rs:54:12
   |
46 | impl<R: CachedReply> Record<R> {
   | ------------------------------ method in this implementation
...
54 |     pub fn output_reserved(&self) -> usize { self.reply.as_ref().map_or(0, CachedReply::reserved_bytes) }
   |            ^^^^^^^^^^^^^^^

warning: constant `METADATA_RESERVE` is never used
  --> kaua-term-probe/src/../../halcyond/src/servicepool.rs:18:11
   |
18 | pub const METADATA_RESERVE: usize = 512 * 1024;
   |           ^^^^^^^^^^^^^^^^

warning: constant `WORKING_RESERVE` is never used
  --> kaua-term-probe/src/../../halcyond/src/servicepool.rs:19:11
   |
19 | pub const WORKING_RESERVE: usize = PAYLOAD_CEILING + METADATA_RESERVE;
   |           ^^^^^^^^^^^^^^^

warning: method `payload_reservation` is never used
   --> kaua-term-probe/src/../../halcyond/src/clipboard.rs:122:12
    |
 87 | impl Clipboard {
    | -------------- method in this implementation
...
122 |     pub fn payload_reservation(&self) -> usize {
    |            ^^^^^^^^^^^^^^^^^^^

warning: method `payload_reservation` is never used
  --> kaua-term-probe/src/../../halcyond/src/clipbroker.rs:84:12
   |
71 | impl Broker {
   | ----------- method in this implementation
...
84 |     pub fn payload_reservation(&self) -> usize {
   |            ^^^^^^^^^^^^^^^^^^^

warning: method `label` is never used
  --> kaua-term-probe/src/../../halcyond/src/controllers.rs:49:12
   |
48 | impl ModeReport {
   | --------------- method in this implementation
49 |     pub fn label(&self) -> &str {
   |            ^^^^^

warning: method `mode` is never used
   --> kaua-term-probe/src/../../halcyond/src/controllers.rs:245:12
    |
 72 | impl Controllers {
    | ---------------- method in this implementation
...
245 |     pub fn mode(&self, focused: RouteKey) -> Option<ModeReport> {
    |            ^^^^

warning: methods `mode`, `generation`, and `payload_reservation` are never used
   --> kaua-term-probe/src/../../halcyond/src/interaction.rs:334:12
    |
 56 | impl Interaction {
    | ---------------- methods in this implementation
...
334 |     pub fn mode(&self, route: RouteKey) -> Option<ModeReport> {
    |            ^^^^
...
410 |     pub fn generation(&self) -> u64 {
    |            ^^^^^^^^^^
...
413 |     pub fn payload_reservation(&self) -> usize {
    |            ^^^^^^^^^^^^^^^^^^^

warning: method `request` is never used
   --> kaua-term-probe/src/../../halcyond/src/hostbindings.rs:125:12
    |
 62 | impl Bindings {
    | ------------- method in this implementation
...
125 |     pub fn request(&self) -> Option<Request> { self.flight.map(|f| f.request) }
    |            ^^^^^^^

warning: constant `FIXED_BYTES` is never used
  --> kaua-term-probe/src/../../halcyond/src/session_seat.rs:53:11
   |
53 | pub const FIXED_BYTES: usize = core::mem::size_of::<Link>();
   |           ^^^^^^^^^^^

warning: method `input_reserved` is never used
  --> kaua-term-probe/src/../../halcyond/src/servicewire.rs:98:12
   |
71 | impl Stream {
   | ----------- method in this implementation
...
98 |     pub fn input_reserved(&self) -> usize { self.input.capacity() }
   |            ^^^^^^^^^^^^^^

warning: `https` (bin "https") generated 1 warning (1 duplicate)
warning: `kaua-term-probe` (bin "kaua-term-probe") generated 25 warnings (1 duplicate)
warning: `kaua-term` (bin "kaua-term") generated 1 warning (1 duplicate)
warning: `tls-smoke` (bin "tls-smoke") generated 1 warning (1 duplicate)
warning: `net-echo` (bin "net-echo") generated 1 warning (1 duplicate)
warning: `tlsperf` (bin "tlsperf") generated 1 warning (1 duplicate)
warning: `lictor` (bin "lictor") generated 1 warning (1 duplicate)
warning: `lsp-probe` (bin "lsp-probe") generated 1 warning (1 duplicate)
warning: `caps-probe` (bin "caps-probe") generated 1 warning (1 duplicate)
warning: `dap-probe` (bin "dap-probe") generated 1 warning (1 duplicate)
warning: `parley-probe` (bin "parley-probe") generated 1 warning (1 duplicate)
warning: `ptyhost` (bin "ptyhost") generated 1 warning (1 duplicate)
warning: `warp-prove` (bin "warp-prove") generated 1 warning (1 duplicate)
warning: `tapestry-battery` (bin "tapestry-battery") generated 1 warning (1 duplicate)
warning: `tapestry-demo` (bin "tapestry-demo") generated 1 warning (1 duplicate)
warning: `u-6-test` (bin "u-6-test") generated 1 warning (1 duplicate)
warning: `u-glob-test` (bin "u-glob-test") generated 1 warning (1 duplicate)
warning: `u-redir-test` (bin "u-redir-test") generated 1 warning (1 duplicate)
warning: `u-subst-test` (bin "u-subst-test") generated 1 warning (1 duplicate)
warning: `u-job-test` (bin "u-job-test") generated 1 warning (1 duplicate)
warning: `u-test` (bin "u-test") generated 1 warning (1 duplicate)
warning: `u-builtin-test` (bin "u-builtin-test") generated 1 warning (1 duplicate)
warning: `u-7-test` (bin "u-7-test") generated 1 warning (1 duplicate)
warning: `u-repl-test` (bin "u-repl-test") generated 1 warning (1 duplicate)
warning: `utopia-shell` (bin "ut") generated 1 warning (1 duplicate)
warning: `quarry` (bin "quarry") generated 1 warning (1 duplicate)
warning: `prowl` (bin "prowl") generated 1 warning (1 duplicate)
warning: `imperium` (bin "imperium") generated 1 warning (1 duplicate)
warning: `menagerie-probe` (bin "menagerie-probe") generated 1 warning (1 duplicate)
warning: `nocturned` (bin "nocturned") generated 1 warning (1 duplicate)
warning: `crash-probe` (bin "crash-probe") generated 1 warning (1 duplicate)
warning: `warden` (bin "warden") generated 1 warning (1 duplicate)
warning: `virtio-mmio-source` (bin "virtio-mmio-source") generated 1 warning (1 duplicate)
warning: `coreutils` (bin "wc") generated 1 warning (1 duplicate)
warning: `coreutils` (bin "realpath") generated 1 warning (1 duplicate)
warning: `coreutils` (bin "env") generated 1 warning (1 duplicate)
warning: `coreutils` (bin "id") generated 1 warning (1 duplicate)
warning: `coreutils` (bin "seq") generated 1 warning (1 duplicate)
warning: `coreutils` (bin "dirname") generated 1 warning (1 duplicate)
warning: `coreutils` (bin "cmp") generated 1 warning (1 duplicate)
warning: `coreutils` (bin "nslookup") generated 1 warning (1 duplicate)
warning: `coreutils` (bin "true") generated 1 warning (1 duplicate)
warning: `coreutils` (bin "date") generated 1 warning (1 duplicate)
warning: `coreutils` (bin "ping") generated 1 warning (1 duplicate)
warning: `coreutils` (bin "ps") generated 1 warning (1 duplicate)
warning: `coreutils` (bin "basename") generated 1 warning (1 duplicate)
warning: `coreutils` (bin "head") generated 1 warning (1 duplicate)
warning: `coreutils` (bin "echo") generated 1 warning (1 duplicate)
warning: `coreutils` (bin "con") generated 1 warning (1 duplicate)
warning: `coreutils` (bin "uniq") generated 1 warning (1 duplicate)
warning: `coreutils` (bin "pelt") generated 1 warning (1 duplicate)
warning: `coreutils` (bin "grep") generated 1 warning (1 duplicate)
warning: `coreutils` (bin "rm") generated 1 warning (1 duplicate)
warning: `coreutils` (bin "nc") generated 1 warning (1 duplicate)
warning: `coreutils` (bin "mkdir") generated 1 warning (1 duplicate)
warning: `coreutils` (bin "pwd") generated 1 warning (1 duplicate)
warning: `coreutils` (bin "hexdump") generated 1 warning (1 duplicate)
warning: `coreutils` (bin "yes") generated 1 warning (1 duplicate)
warning: `coreutils` (bin "mv") generated 1 warning (1 duplicate)
warning: `coreutils` (bin "dial") generated 1 warning (1 duplicate)
warning: `coreutils` (bin "false") generated 1 warning (1 duplicate)
warning: `coreutils` (bin "ls") generated 1 warning (1 duplicate)
warning: `coreutils` (bin "tee") generated 1 warning (1 duplicate)
warning: `coreutils` (bin "uname") generated 1 warning (1 duplicate)
warning: `coreutils` (bin "whoami") generated 1 warning (1 duplicate)
warning: `coreutils` (bin "tr") generated 1 warning (1 duplicate)
warning: `nettest` (bin "nettest") generated 1 warning (1 duplicate)
warning: `coreutils` (bin "aurora-push") generated 1 warning (1 duplicate)
warning: `coreutils` (bin "cp") generated 1 warning (1 duplicate)
warning: `coreutils` (bin "realm") generated 1 warning (1 duplicate)
warning: `coreutils` (bin "rmdir") generated 1 warning (1 duplicate)
warning: `coreutils` (bin "qid") generated 1 warning (1 duplicate)
warning: `httpd` (bin "httpd") generated 1 warning (1 duplicate)
warning: `coreutils` (bin "which") generated 1 warning (1 duplicate)
warning: `coreutils` (bin "stat") generated 1 warning (1 duplicate)
warning: `coreutils` (bin "chmod") generated 1 warning (1 duplicate)
warning: `coreutils` (bin "sort") generated 1 warning (1 duplicate)
warning: `coreutils` (bin "cat") generated 1 warning (1 duplicate)
warning: `coreutils` (bin "tail") generated 1 warning (1 duplicate)
warning: `coreutils` (bin "tcpproxy") generated 1 warning (1 duplicate)
warning: `coreutils` (bin "ns") generated 1 warning (1 duplicate)
warning: `coreutils` (bin "touch") generated 1 warning (1 duplicate)
warning: `coreutils` (bin "netstat") generated 1 warning (1 duplicate)
warning: `coreutils` (bin "ipconfig") generated 1 warning (1 duplicate)
warning: `coreutils` (bin "sleep") generated 1 warning (1 duplicate)
warning: `coreutils` (bin "clear") generated 1 warning (1 duplicate)
warning: `coreutils` (bin "cut") generated 1 warning (1 duplicate)
warning: `weft-bench` (bin "weft-bench") generated 1 warning (1 duplicate)
warning: `cpubench` (bin "cpubench") generated 1 warning (1 duplicate)
warning: `stack-probe` (bin "stack-probe") generated 1 warning (1 duplicate)
warning: `virtio-net-arp` (bin "virtio-net-arp") generated 1 warning (1 duplicate)
warning: direct cast of function item into an integer
   --> burrow-torture/src/main.rs:406:39
    |
406 |         if thread::spawn_raw(mt_entry as usize as u64, sp, j as u64, 0).is_err() {
    |                                       ^^^^^^^^
    |
    = note: `#[warn(function_casts_as_integer)]` on by default
help: first cast to a pointer `as *const ()`
    |
406 |         if thread::spawn_raw(mt_entry as *const () as usize as u64, sp, j as u64, 0).is_err() {
    |                                       ++++++++++++

warning: `loom-smoke` (bin "loom-smoke") generated 1 warning (1 duplicate)
warning: `stack-child` (bin "stack-child") generated 1 warning (1 duplicate)
warning: `burrow-torture` (bin "burrow-torture") generated 2 warnings (1 duplicate) (run `cargo fix --bin "burrow-torture" -p burrow-torture` to apply 1 suggestion)
warning: `ring-voice-probe` (bin "ring-voice-probe") generated 1 warning (1 duplicate)
warning: `symlink-probe` (bin "symlink-probe") generated 1 warning (1 duplicate)
warning: `susp-mask-child` (bin "susp-mask-child") generated 1 warning (1 duplicate)
warning: `nocturne-vol` (bin "nocturne-vol") generated 1 warning (1 duplicate)
warning: `argv-smoke` (bin "argv-smoke") generated 1 warning (1 duplicate)
warning: `alloc-smoke` (bin "alloc-smoke") generated 1 warning (1 duplicate)
warning: `legate-prover` (bin "legate-prover") generated 1 warning (1 duplicate)
warning: `diorama-probe` (bin "diorama-probe") generated 1 warning (1 duplicate)
warning: `ambush-probe` (bin "ambush-probe") generated 1 warning (1 duplicate)
warning: `virtio-input` (bin "virtio-input") generated 1 warning (1 duplicate)
warning: `netperf` (bin "netperf") generated 1 warning (1 duplicate)
warning: `loom-stress` (bin "loom-stress") generated 1 warning (1 duplicate)
warning: `irq-bench` (bin "irq-bench") generated 1 warning (1 duplicate)
warning: `pty-probe` (bin "pty-probe") generated 1 warning (1 duplicate)
warning: `exec-probe` (bin "exec-probe") generated 1 warning (1 duplicate)
warning: `viv` (bin "viv") generated 1 warning (1 duplicate)
warning: `virtio-net-probe` (bin "virtio-net-probe") generated 1 warning (1 duplicate)
warning: `sntp` (bin "sntp") generated 1 warning (1 duplicate)
warning: `u-readdir-test` (bin "u-readdir-test") generated 1 warning (1 duplicate)
warning: `fs-mut-smoke` (bin "fs-mut-smoke") generated 1 warning (1 duplicate)
warning: `virtio-blk-rw` (bin "virtio-blk-rw") generated 1 warning (1 duplicate)
warning: `nocturne-probe` (bin "nocturne-probe") generated 1 warning (1 duplicate)
warning: `heap-probe` (bin "heap-probe") generated 1 warning (1 duplicate)
warning: `coreutil-smoke` (bin "coreutil-smoke") generated 1 warning (1 duplicate)
warning: `hello-rs` (bin "hello-rs") generated 1 warning (1 duplicate)
warning: `loom-bench` (bin "loom-bench") generated 1 warning (1 duplicate)
warning: `hwbp-verify` (bin "hwbp-verify") generated 1 warning (1 duplicate)
warning: `ptyfs` (bin "ptyfs") generated 1 warning (1 duplicate)
warning: `bus-probe-child` (bin "bus-probe-child") generated 1 warning (1 duplicate)
warning: `debug-child` (bin "debug-child") generated 1 warning (1 duplicate)
warning: `virtio-blk-probe` (bin "virtio-blk-probe") generated 1 warning (1 duplicate)
warning: `protect-guard-child` (bin "protect-guard-child") generated 1 warning (1 duplicate)
warning: unnecessary `unsafe` block
   --> fork-probe/src/main.rs:437:25
    |
437 |     EXEC_ARGV_PTR.store(unsafe { core::ptr::addr_of!(EXEC_ARGV_BUF) } as u64, Ordering::Release);
    |                         ^^^^^^ unnecessary `unsafe` block
    |
    = note: `#[warn(unused_unsafe)]` (part of `#[warn(unused)]`) on by default

warning: creating a shared reference to mutable static
   --> fork-probe/src/main.rs:642:24
    |
642 |                 if n < EXEC_ARGV_BUF.len() {
    |                        ^^^^^^^^^^^^^^^^^^^ shared reference to mutable static
    |
    = note: shared references to mutable statics are dangerous; it's undefined behavior if the static is mutated or if a mutable reference is created for it while the shared reference lives
    = note: for more information, see <https://doc.rust-lang.org/edition-guide/rust-2024/static-mut-references.html>
    = note: `#[warn(static_mut_refs)]` (part of `#[warn(rust_2024_compatibility)]`) on by default

warning: creating a shared reference to mutable static
   --> fork-probe/src/main.rs:671:21
    |
671 |     if n > unsafe { EXEC_ARGV_BUF.len() } { unsafe { EXEC_ARGV_BUF.len() } } else { n }
    |                     ^^^^^^^^^^^^^^^^^^^ shared reference to mutable static
    |
    = note: shared references to mutable statics are dangerous; it's undefined behavior if the static is mutated or if a mutable reference is created for it while the shared reference lives
    = note: for more information, see <https://doc.rust-lang.org/edition-guide/rust-2024/static-mut-references.html>

warning: creating a shared reference to mutable static
   --> fork-probe/src/main.rs:671:54
    |
671 |     if n > unsafe { EXEC_ARGV_BUF.len() } { unsafe { EXEC_ARGV_BUF.len() } } else { n }
    |                                                      ^^^^^^^^^^^^^^^^^^^ shared reference to mutable static
    |
    = note: shared references to mutable statics are dangerous; it's undefined behavior if the static is mutated or if a mutable reference is created for it while the shared reference lives
    = note: for more information, see <https://doc.rust-lang.org/edition-guide/rust-2024/static-mut-references.html>

warning: value assigned to `rdset` is never read
    --> viv-pheno-probe/src/main.rs:2640:5
     |
2640 |     rdset = [0; 16];
     |     ^^^^^^^^^^^^^^^ this value is reassigned later and never used
...
2668 |     rdset = [0; 16];
     |     --------------- `rdset` is overwritten here before the previous value is read
     |
     = note: `#[warn(unused_assignments)]` (part of `#[warn(unused)]`) on by default

warning: value assigned to `wrset` is never read
    --> viv-pheno-probe/src/main.rs:2539:5
     |
2539 |     wrset = [0; 16];
     |     ^^^^^^^^^^^^^^^ this value is reassigned later and never used
...
2641 |     wrset = [0; 16];
     |     --------------- `wrset` is overwritten here before the previous value is read

warning: value assigned to `exset` is never read
    --> viv-pheno-probe/src/main.rs:2500:32
     |
2500 |     let mut exset: [u64; 16] = [0; 16];
     |                                ^^^^^^^ this value is reassigned later and never used
...
2540 |     exset = [0; 16];
     |     --------------- `exset` is overwritten here before the previous value is read

warning: direct cast of function item into an integer
   --> viv-pheno-probe/src/main.rs:312:53
    |
312 | fn fork_handler_addr() -> u64 { viv_fork_in_handler as usize as u64 }
    |                                                     ^^^^^^^^
    |
    = note: `#[warn(function_casts_as_integer)]` on by default
help: first cast to a pointer `as *const ()`
    |
312 | fn fork_handler_addr() -> u64 { viv_fork_in_handler as *const () as usize as u64 }
    |                                                     ++++++++++++

warning: direct cast of function item into an integer
   --> viv-pheno-probe/src/main.rs:361:50
    |
361 | fn mask_handler_addr() -> u64 { viv_mask_handler as usize as u64 }
    |                                                  ^^^^^^^^
    |
help: first cast to a pointer `as *const ()`
    |
361 | fn mask_handler_addr() -> u64 { viv_mask_handler as *const () as usize as u64 }
    |                                                  ++++++++++++

warning: direct cast of function item into an integer
   --> viv-pheno-probe/src/main.rs:466:51
    |
466 | fn esc_handler_addr() -> u64 { viv_escape_handler as usize as u64 }
    |                                                   ^^^^^^^^
    |
help: first cast to a pointer `as *const ()`
    |
466 | fn esc_handler_addr() -> u64 { viv_escape_handler as *const () as usize as u64 }
    |                                                   ++++++++++++

warning: direct cast of function item into an integer
   --> viv-pheno-probe/src/main.rs:474:44
    |
474 | fn handler_addr() -> u64 { viv_sig_handler as usize as u64 }
    |                                            ^^^^^^^^
    |
help: first cast to a pointer `as *const ()`
    |
474 | fn handler_addr() -> u64 { viv_sig_handler as *const () as usize as u64 }
    |                                            ++++++++++++

warning: direct cast of function item into an integer
   --> viv-pheno-probe/src/main.rs:475:44
    |
475 | fn restorer_addr() -> u64 { viv_restore_rt as usize as u64 }
    |                                            ^^^^^^^^
    |
help: first cast to a pointer `as *const ()`
    |
475 | fn restorer_addr() -> u64 { viv_restore_rt as *const () as usize as u64 }
    |                                            ++++++++++++

warning: `pipe-src` (bin "pipe-src") generated 1 warning (1 duplicate)
warning: `debug-probe` (bin "debug-probe") generated 1 warning (1 duplicate)
warning: `fork-probe` (bin "fork-probe") generated 5 warnings (1 duplicate)
warning: `protect-probe` (bin "protect-probe") generated 1 warning (1 duplicate)
warning: `nocturne-vol-probe` (bin "nocturne-vol-probe") generated 1 warning (1 duplicate)
warning: `viv-pheno-probe` (bin "viv-pheno-probe") generated 9 warnings (1 duplicate) (run `cargo fix --bin "viv-pheno-probe" -p viv-pheno-probe` to apply 5 suggestions)
warning: `mmio-probe` (bin "mmio-probe") generated 1 warning (1 duplicate)
warning: creating a shared reference to mutable static
   --> fsbench/src/main.rs:128:43
    |
128 |     unsafe { format!("stage={} errno={}", G_WSTAGE, G_WERR) }
    |                                           ^^^^^^^^ shared reference to mutable static
    |
    = note: shared references to mutable statics are dangerous; it's undefined behavior if the static is mutated or if a mutable reference is created for it while the shared reference lives
    = note: for more information, see <https://doc.rust-lang.org/edition-guide/rust-2024/static-mut-references.html>
    = note: `#[warn(static_mut_refs)]` (part of `#[warn(rust_2024_compatibility)]`) on by default

warning: creating a shared reference to mutable static
   --> fsbench/src/main.rs:128:53
    |
128 |     unsafe { format!("stage={} errno={}", G_WSTAGE, G_WERR) }
    |                                                     ^^^^^^ shared reference to mutable static
    |
    = note: shared references to mutable statics are dangerous; it's undefined behavior if the static is mutated or if a mutable reference is created for it while the shared reference lives
    = note: for more information, see <https://doc.rust-lang.org/edition-guide/rust-2024/static-mut-references.html>

warning: `pipe-sink` (bin "pipe-sink") generated 1 warning (1 duplicate)
warning: `nocturne-tap-probe` (bin "nocturne-tap-probe") generated 1 warning (1 duplicate)
warning: `fsbench` (bin "fsbench") generated 3 warnings (1 duplicate)
warning: `parley-echo` (bin "parley-echo") generated 1 warning (1 duplicate)
warning: `irq-probe` (bin "irq-probe") generated 1 warning (1 duplicate)
warning: `jc-probe` (bin "jc-probe") generated 1 warning (1 duplicate)
warning: `login` (bin "login") generated 1 warning (1 duplicate)
warning: `jit-prover` (bin "jit-prover") generated 1 warning (1 duplicate)
warning: `viv-probe` (bin "viv-probe") generated 1 warning (1 duplicate)
warning: `capacity-probe` (bin "capacity-probe") generated 1 warning (1 duplicate)
warning: `virtio-gpu` (bin "virtio-gpu") generated 1 warning (1 duplicate)
warning: `nocturne-capture-probe` (bin "nocturne-capture-probe") generated 1 warning (1 duplicate)
warning: `imperium-probe` (bin "imperium-probe") generated 1 warning (1 duplicate)
warning: `virtio-net-loop` (bin "virtio-net-loop") generated 1 warning (1 duplicate)
warning: `diorama` (bin "diorama") generated 1 warning (1 duplicate)
warning: `corvus-authority` (lib) generated 1 warning (1 duplicate)
warning: `halcyond` (lib) generated 1 warning (1 duplicate)
warning: method `dispatch` is never used
   --> halcyond/src/paneplace.rs:451:8
    |
399 | impl Protocol {
    | ------------- method in this implementation
...
451 |     fn dispatch(
    |        ^^^^^^^^
    |
    = note: `#[warn(dead_code)]` (part of `#[warn(unused)]`) on by default

warning: associated function `post` is never used
   --> halcyond/src/paneplace.rs:998:12
    |
996 | impl PanePlaceServer {
    | -------------------- associated function in this implementation
997 |     /// Media-only native fixtures do not register clipboard authority.
998 |     pub fn post(user: &str) -> Result<Self, PostError> {
    |            ^^^^

warning: constant `FIXED_BYTES` is never used
  --> halcyond/src/session_seat.rs:53:11
   |
53 | pub const FIXED_BYTES: usize = core::mem::size_of::<Link>();
   |           ^^^^^^^^^^^

warning: `halcyond` (bin "halcyond") generated 4 warnings (1 duplicate)
    Finished `release` profile [optimized] target(s) in 14.39s
==> Userspace Rust built under /Users/northkillpd/projects/thylacine-corona/build/usr-rs
-rwxr-xr-x@ 1 northkillpd  staff  12344 Oct  6 12:15 /Users/northkillpd/projects/thylacine-corona/build/usr-rs/aarch64-unknown-none/release/hello-rs
==> [build.sh] sysroot: REUSED (cached + up-to-date; force with 'tools/build.sh sysroot', or 'tools/build.sh clean' for a full nuke)
==> pouch prog: pouch-hello
    pouch-hello: 46744 bytes (ET_EXEC, static)
==> pouch prog: pouch-hello-stdio
    pouch-hello-stdio: 52632 bytes (ET_EXEC, static)
==> pouch prog: pouch-hello-printf
    pouch-hello-printf: 77416 bytes (ET_EXEC, static)
==> pouch prog: pouch-hello-malloc
    pouch-hello-malloc: 117400 bytes (ET_EXEC, static)
==> pouch prog: pouch-hello-mallocng-torture
    pouch-hello-mallocng-torture: 90912 bytes (ET_EXEC, static)
==> pouch prog: pouch-hello-threads
    pouch-hello-threads: 114536 bytes (ET_EXEC, static)
==> pouch prog: pouch-hello-exitgroup
    pouch-hello-exitgroup: 67944 bytes (ET_EXEC, static)
==> pouch prog: pouch-hello-poll
    pouch-hello-poll: 92552 bytes (ET_EXEC, static)
==> pouch prog: pouch-hello-getrandom
    pouch-hello-getrandom: 77480 bytes (ET_EXEC, static)
==> pouch prog: pouch-hello-sockets
    pouch-hello-sockets: 127784 bytes (ET_EXEC, static)
==> pouch prog: pouch-hello-net
    pouch-hello-net: 88640 bytes (ET_EXEC, static)
==> pouch prog: pouch-hello-signals
    pouch-hello-signals: 83352 bytes (ET_EXEC, static)
==> pouch prog: pouch-hello-sodium
    pouch-hello-sodium: 305936 bytes (ET_EXEC, static)
==> pouch prog: pouch-hello-argv
    pouch-hello-argv: 77080 bytes (ET_EXEC, static)
==> pouch prog: pouch-hello-fault
    pouch-hello-fault: 40296 bytes (ET_EXEC, static)
==> pouch prog: pouch-hello-pty
    pouch-hello-pty: 94832 bytes (ET_EXEC, static)
==> pouch prog: pouch-hello-fopen
    pouch-hello-fopen: 114504 bytes (ET_EXEC, static)
==> pouch prog: pouch-hello-fs
    pouch-hello-fs: 88536 bytes (ET_EXEC, static)
==> pouch prog: pouch-hello-env
    pouch-hello-env: 77040 bytes (ET_EXEC, static)
==> pouch prog: pouch-hello-spawn
    pouch-hello-spawn: 78656 bytes (ET_EXEC, static)
==> pouch prog: pouch-hello-susp
    pouch-hello-susp: 77584 bytes (ET_EXEC, static)
==> pouch prog: pouch-hello-reentry
    pouch-hello-reentry: 59024 bytes (ET_EXEC, static)
==> pouch prog: pouch-hello-identity
    pouch-hello-identity: 78008 bytes (ET_EXEC, static)
==> pouch prog: pouch-hello-mem
    pouch-hello-mem: 116424 bytes (ET_EXEC, static)
==> pouch prog: pouch-hello-guard
    pouch-hello-guard: 81688 bytes (ET_EXEC, static)
==> pouch prog: pouch-hello-dlopen + libdlprobe.so (B-1d)
    pouch-hello-dlopen: 15976 bytes (ET_DYN, against libc.so)
    libdlprobe.so: 15128 bytes (ET_DYN, against libc.so)
==> pouch progs built under /Users/northkillpd/projects/thylacine-corona/build/pouch/progs
==> [build.sh] libSDL2.a: REUSED (cached + up-to-date, gl)
==> [build.sh] tyr-quake + tyr-glquake: REUSED (cached + up-to-date)
==> [build.sh] dosbox-x: REUSED (cached + up-to-date)
==> [build.sh] dosbox-x: system config rendered (preset pentium -> cycles=fixed 60000)
    vkquake: no venus link set at /Users/northkillpd/projects/thylacine-corona/build/clade/venus -- skipping (W-4;
             fetch it per usr/ports/mesa/README.md 'The venus link set')
==> [build.sh] make (GNU make 4.4.1): REUSED (cached + up-to-date)
==> [build.sh] libcxx (libunwind+libc++abi+libc++): REUSED (cached + up-to-date)
==> pouch prog (C++): pouch-hello-cxx
    pouch-hello-cxx: 1573984 bytes (ET_EXEC, static)
==> [build.sh] rust progs: r1hello REUSED (cached + up-to-date; force by touching a rust source, or 'tools/build.sh clean')
==> building stratumd (aarch64-thylacine) from /Users/northkillpd/projects/stratum-astra/v2
-- The C compiler identification is Clang 22.1.4
-- Detecting C compiler ABI info
-- Detecting C compiler ABI info - done
-- Check for working C compiler: /opt/homebrew/opt/llvm/bin/clang - skipped
-- Detecting C compile features
-- Detecting C compile features - done
-- Performing Test CMAKE_HAVE_LIBC_PTHREAD
-- Performing Test CMAKE_HAVE_LIBC_PTHREAD - Success
-- Found Threads: TRUE
-- 
-- Stratum v2 configuration
--   Platform       : Generic
--   Build type     : Release
--   Sanitizer      : off
--   io_uring       : OFF
--   libaio         : OFF
--   PQ (liboqs)    : OFF
--   AEAD default   : auto
--   Coverage       : OFF
--   Werror         : OFF
--   Tests          : OFF
--   Fuzzers        : OFF
-- 
-- Configuring done (0.4s)
-- Generating done (0.2s)
-- Build files have been written to: /Users/northkillpd/projects/thylacine-corona/build/pouch/stratumd-cmake
[  1%] Building C object src/snapshot/CMakeFiles/stm_snapshot.dir/snapshot.c.obj
[  1%] Building C object src/alloc/CMakeFiles/stm_sdarray.dir/sdarray.c.obj
[  2%] Building C object src/util/CMakeFiles/stm_util.dir/status.c.obj
[  3%] Building C object third_party/CMakeFiles/xxhash.dir/xxHash_src/xxhash.c.obj
[  4%] Building C object src/alloc/CMakeFiles/stm_xor_filter.dir/xor_filter.c.obj
[  4%] Building C object third_party/CMakeFiles/blake3.dir/BLAKE3_src/c/blake3.c.obj
[  4%] Building C object src/cdc/CMakeFiles/stm_cdc.dir/cdc.c.obj
[  5%] Building C object src/metakey/CMakeFiles/stm_metakey.dir/metakey.c.obj
[  5%] Linking C static library libstm_util.a
[  6%] Linking C static library libstm_metakey.a
[  8%] Linking C static library libstm_cdc.a
[  9%] Linking C static library libstm_sdarray.a
[ 10%] Linking C static library libstm_xor_filter.a
[ 11%] Building C object third_party/CMakeFiles/blake3.dir/BLAKE3_src/c/blake3_dispatch.c.obj
[ 11%] Built target stm_metakey
[ 11%] Built target stm_util
[ 11%] Built target stm_sdarray
[ 11%] Built target stm_cdc
[ 11%] Building C object third_party/CMakeFiles/blake3.dir/BLAKE3_src/c/blake3_portable.c.obj
[ 11%] Built target stm_xor_filter
[ 12%] Building C object third_party/CMakeFiles/blake3.dir/BLAKE3_src/c/blake3_neon.c.obj
[ 12%] Building C object src/locks/CMakeFiles/stm_locks.dir/locks.c.obj
[ 13%] Building C object src/lp9/CMakeFiles/stm_lp9.dir/server.c.obj
[ 15%] Linking C static library libstm_snapshot.a
[ 16%] Building C object src/cmd/CMakeFiles/stm_cli_passphrase.dir/cli_passphrase.c.obj
[ 16%] Building C object src/dirty_buffer/CMakeFiles/stm_dirty_buffer.dir/dirty_buffer.c.obj
[ 17%] Linking C static library libstm_locks.a
[ 17%] Linking C static library libstm_cli_passphrase.a
[ 17%] Built target stm_snapshot
[ 18%] Linking C static library libstm_dirty_buffer.a
[ 19%] Building C object src/crypto/CMakeFiles/stm_crypto.dir/init.c.obj
[ 19%] Linking C static library libstm_lp9.a
[ 19%] Built target stm_locks
[ 20%] Building C object src/block/CMakeFiles/stm_block.dir/bdev.c.obj
[ 22%] Linking C static library libblake3.a
[ 22%] Built target stm_cli_passphrase
[ 23%] Building C object src/ebr/CMakeFiles/stm_ebr.dir/ebr.c.obj
[ 23%] Built target stm_dirty_buffer
[ 23%] Building C object src/p9/CMakeFiles/stm_p9.dir/server.c.obj
[ 23%] Building C object src/crypto/CMakeFiles/stm_crypto.dir/random.c.obj
[ 23%] Built target stm_lp9
[ 23%] Building C object src/corvus_client/CMakeFiles/stm_corvus_client.dir/corvus_client.c.obj
[ 23%] Building C object src/block/CMakeFiles/stm_block.dir/bdev_thylacine.c.obj
[ 23%] Built target blake3
[ 24%] Building C object src/crypto/CMakeFiles/stm_crypto.dir/ct.c.obj
[ 24%] Building C object src/host_fs/CMakeFiles/stm_host_fs.dir/host_fs.c.obj
[ 24%] Linking C static library libstm_ebr.a
[ 25%] Linking C static library libxxhash.a
[ 26%] Building C object src/crypto/CMakeFiles/stm_crypto.dir/aead_aegis256.c.obj
[ 26%] Building C object src/crypto/CMakeFiles/stm_crypto.dir/aead_xchacha20_siv.c.obj
[ 27%] Linking C static library libstm_corvus_client.a
[ 27%] Built target stm_ebr
[ 29%] Linking C static library libstm_p9.a
[ 29%] Built target xxhash
[ 30%] Building C object src/crypto/CMakeFiles/stm_crypto.dir/aead.c.obj
[ 31%] Linking C static library libstm_host_fs.a
[ 32%] Building C object src/crypto/CMakeFiles/stm_crypto.dir/hkdf.c.obj
[ 32%] Building C object src/hash/CMakeFiles/stm_hash.dir/blake3_wrap.c.obj
[ 32%] Built target stm_corvus_client
[ 32%] Built target stm_p9
[ 33%] Building C object src/hash/CMakeFiles/stm_hash.dir/xxhash_wrap.c.obj
[ 33%] Building C object src/crypto/CMakeFiles/stm_crypto.dir/argon2.c.obj
[ 33%] Built target stm_host_fs
[ 34%] Building C object src/crypto/CMakeFiles/stm_crypto.dir/x25519.c.obj
[ 34%] Building C object src/crypto/CMakeFiles/stm_crypto.dir/mlkem768.c.obj
[ 36%] Linking C static library libstm_block.a
[ 37%] Building C object src/crypto/CMakeFiles/stm_crypto.dir/hybrid_wrap.c.obj
[ 37%] Built target stm_block
[ 38%] Linking C static library libstm_crypto.a
[ 38%] Built target stm_crypto
[ 39%] Building C object src/keyfile/CMakeFiles/stm_keyfile.dir/keyfile.c.obj
[ 40%] Linking C static library libstm_hash.a
[ 40%] Linking C static library libstm_keyfile.a
[ 40%] Built target stm_hash
[ 40%] Building C object src/send_recv/CMakeFiles/stm_send_recv.dir/send.c.obj
[ 41%] Building C object src/send_recv/CMakeFiles/stm_send_recv.dir/recv.c.obj
[ 41%] Building C object src/pool/CMakeFiles/stm_pool.dir/pool.c.obj
[ 43%] Building C object src/btree/CMakeFiles/stm_btree.dir/node.c.obj
[ 45%] Building C object src/btnode/CMakeFiles/stm_btnode.dir/leaf.c.obj
[ 45%] Building C object src/btnode/CMakeFiles/stm_btnode.dir/common.c.obj
[ 46%] Building C object src/sb/CMakeFiles/stm_sb.dir/uberblock.c.obj
[ 46%] Built target stm_keyfile
[ 47%] Building C object src/sb/CMakeFiles/stm_sb.dir/label.c.obj
[ 47%] Building C object src/btree/CMakeFiles/stm_btree.dir/btree.c.obj
[ 48%] Building C object src/btree/CMakeFiles/stm_btree.dir/btree_mt.c.obj
[ 48%] Building C object src/btnode/CMakeFiles/stm_btnode.dir/internal.c.obj
[ 50%] Building C object src/janus/CMakeFiles/stm_janus.dir/backend_file.c.obj
[ 51%] Building C object src/janus/CMakeFiles/stm_janus.dir/synfs.c.obj
[ 52%] Building C object src/btree/CMakeFiles/stm_btree.dir/btree_lf.c.obj
[ 53%] Linking C static library libstm_send_recv.a
[ 53%] Building C object src/sb/CMakeFiles/stm_sb.dir/mount.c.obj
[ 53%] Building C object src/janus/CMakeFiles/stm_janus.dir/backend_passphrase.c.obj
[ 54%] Linking C static library libstm_btnode.a
[ 55%] Linking C static library libstm_pool.a
[ 56%] Building C object src/janus/CMakeFiles/stm_janus.dir/client.c.obj
[ 58%] Linking C static library libstm_sb.a
[ 58%] Building C object src/janus/CMakeFiles/stm_janus.dir/daemon.c.obj
[ 58%] Built target stm_send_recv
[ 58%] Built target stm_btnode
[ 58%] Built target stm_pool
[ 58%] Built target stm_sb
[ 59%] Linking C static library libstm_janus.a
[ 60%] Building C object src/bootstrap/CMakeFiles/stm_bootstrap.dir/pool.c.obj
[ 60%] Linking C static library libstm_btree.a
[ 60%] Built target stm_janus
[ 60%] Built target stm_btree
[ 62%] Building C object src/btree_store/CMakeFiles/stm_btree_store.dir/crypt.c.obj
[ 62%] Building C object src/btree_store/CMakeFiles/stm_btree_store.dir/serialize.c.obj
[ 62%] Linking C static library libstm_bootstrap.a
[ 62%] Built target stm_bootstrap
[ 62%] Linking C static library libstm_btree_store.a
[ 65%] Building C object src/keyschema/CMakeFiles/stm_keyschema.dir/keyschema.c.obj
[ 65%] Building C object src/repair_log/CMakeFiles/stm_repair_log.dir/repair_log.c.obj
[ 65%] Built target stm_btree_store
[ 66%] Building C object src/btree_engine/CMakeFiles/stm_btree_engine.dir/node_cache.c.obj
[ 67%] Building C object src/btree_engine/CMakeFiles/stm_btree_engine.dir/node.c.obj
[ 67%] Building C object src/alloc/CMakeFiles/stm_alloc.dir/alloc.c.obj
[ 68%] Building C object src/alloc_roots/CMakeFiles/stm_alloc_roots.dir/alloc_roots.c.obj
[ 69%] Building C object src/cas/CMakeFiles/stm_cas.dir/cas_index.c.obj
[ 70%] Building C object src/btree_engine/CMakeFiles/stm_engine_store.dir/engine_store.c.obj
[ 70%] Linking C static library libstm_repair_log.a
[ 72%] Linking C static library libstm_keyschema.a
[ 72%] Building C object src/btree_engine/CMakeFiles/stm_btree_engine.dir/btnode_io.c.obj
[ 72%] Linking C static library libstm_engine_store.a
[ 72%] Built target stm_repair_log
[ 72%] Linking C static library libstm_alloc_roots.a
[ 72%] Built target stm_keyschema
[ 73%] Building C object src/btree_engine/CMakeFiles/stm_btree_engine.dir/engine.c.obj
[ 74%] Linking C static library libstm_alloc.a
[ 75%] Linking C static library libstm_cas.a
[ 75%] Built target stm_engine_store
[ 75%] Built target stm_alloc_roots
[ 75%] Built target stm_alloc
[ 75%] Built target stm_cas
[ 75%] Building C object src/sync/CMakeFiles/stm_sync.dir/sync.c.obj
[ 75%] Linking C static library libstm_btree_engine.a
[ 75%] Built target stm_btree_engine
[ 76%] Building C object src/dataset/CMakeFiles/stm_dataset.dir/dataset.c.obj
[ 77%] Linking C static library libstm_sync.a
[ 77%] Linking C static library libstm_dataset.a
[ 77%] Built target stm_sync
[ 77%] Built target stm_dataset
[ 80%] Building C object src/scrub/CMakeFiles/stm_scrub.dir/scrub.c.obj
[ 80%] Building C object src/dirent/CMakeFiles/stm_dirent.dir/dirent.c.obj
[ 81%] Building C object src/fs/CMakeFiles/stm_fs.dir/fs.c.obj
[ 82%] Building C object src/inode/CMakeFiles/stm_inode.dir/inode.c.obj
[ 83%] Building C object src/xattr/CMakeFiles/stm_xattr.dir/xattr.c.obj
[ 84%] Building C object src/extent/CMakeFiles/stm_extent.dir/extent.c.obj
[ 86%] Building C object src/extent/CMakeFiles/stm_extent.dir/extent_index.c.obj
[ 86%] Linking C static library libstm_scrub.a
[ 86%] Linking C static library libstm_xattr.a
[ 86%] Linking C static library libstm_inode.a
[ 87%] Linking C static library libstm_dirent.a
[ 87%] Built target stm_scrub
[ 87%] Built target stm_xattr
[ 87%] Built target stm_inode
[ 87%] Built target stm_dirent
[ 87%] Linking C static library libstm_extent.a
[ 87%] Built target stm_extent
[ 88%] Linking C static library libstm_fs.a
[ 88%] Built target stm_fs
[ 88%] Building C object src/ctl/CMakeFiles/stm_ctl.dir/synfs.c.obj
[ 89%] Building C object src/9p/CMakeFiles/stm_9p.dir/server.c.obj
[ 90%] Linking C static library libstm_ctl.a
[ 90%] Linking C static library libstm_9p.a
[ 90%] Built target stm_ctl
[ 90%] Built target stm_9p
[ 93%] Building C object src/cmd/stratumd/CMakeFiles/stm_stratumd.dir/serve.c.obj
[ 93%] Building C object src/cmd/stratumd/CMakeFiles/stm_stratumd.dir/dataset_pattern.c.obj
[ 94%] Building C object src/cmd/stratumd/CMakeFiles/stm_stratumd.dir/corvus_notify.c.obj
[ 94%] Building C object src/cmd/stratumd/CMakeFiles/stm_stratumd.dir/peer_creds.c.obj
[ 94%] Building C object src/cmd/stratumd/CMakeFiles/stm_stratumd.dir/fs_pool.c.obj
[ 95%] Building C object src/cmd/stratumd/CMakeFiles/stm_stratumd.dir/proxy_9p.c.obj
[ 96%] Linking C static library libstm_stratumd.a
[ 96%] Built target stm_stratumd
[ 97%] Building C object src/cmd/stratumd/CMakeFiles/stm_cmd_stratumd.dir/run.c.obj
[ 98%] Linking C static library libstm_cmd_stratumd.a
[ 98%] Built target stm_cmd_stratumd
[100%] Building C object src/cmd/stratumd/CMakeFiles/stratumd.dir/main.c.obj
[100%] Linking C executable stratumd
[100%] Built target stratumd
==> stratumd built: /Users/northkillpd/projects/thylacine-corona/build/pouch/progs/stratumd (983136 bytes, ET_EXEC, static)
==> [build.sh] stratumd: BUILT (links the pouch libc -- a stale sysroot would ship a stale ABI here)
==> Building Go GOROOT staging (thylacine/arm64, stripped) at /Users/northkillpd/projects/thylacine-corona/build/go/goroot
==> Building gopls (GOOS=thylacine GOARCH=arm64 CGO_ENABLED=0, fork=/Users/northkillpd/projects/gopls)
==> gopls built: /Users/northkillpd/projects/thylacine-corona/build/go/goroot/bin/gopls (25M)
==> [build.sh] gopls: LSP server cross-compile (GOOS=thylacine, stripped) -> /goroot/bin (Stage 8d)
==> Building Ambush for /goroot/bin (GOOS=thylacine, stripped, -tags thylacine_held, fork=/Users/northkillpd/projects/ambush)
==> Ambush (/goroot) built: /Users/northkillpd/projects/thylacine-corona/build/go/goroot/bin/ambush (10M)
==> [build.sh] ambush: Delve port -> /goroot/bin (Stage 8e-3e nora :debug)
==> Building ambush-child (debuggee, unstripped) for /goroot/bin
==> ambush-child (/goroot) built: /Users/northkillpd/projects/thylacine-corona/build/go/goroot/bin/ambush-child
==> Building nora-demo (debug demo, unstripped) for /goroot/bin
==> nora-demo (/goroot) built: /Users/northkillpd/projects/thylacine-corona/build/go/goroot/bin/nora-demo + source /goroot/demo/nora-demo.go
==> [build.sh] nora-demo: Go debug demo (unstripped) + source -> /goroot/bin + /goroot/demo (nora :debug demo)
==> Go GOROOT staged: 167M (4259 files)
==> [build.sh] Go GOROOT: cross-built toolchain + trimmed stdlib src staged at /Users/northkillpd/projects/thylacine-corona/build/go/goroot (Stage 6 default-on)
==> Go 4c: GOCACHE warmed ( 28M); probe source staged at /Users/northkillpd/projects/thylacine-corona/build/go/go4c
==> [build.sh] Go 4c: seed-warmed GOCACHE + probe source staged (Stage 4c; baked at /go-cache + /go4c)
==> viv bundles: probe bundle staged at /Users/northkillpd/projects/thylacine-corona/build/vivarium/probe
==> viv bundles: pheno bundle staged at /Users/northkillpd/projects/thylacine-corona/build/vivarium/pheno
==> viv bundles: no Alpine minirootfs tarball -- Alpine + stock bundles skipped (the L-6c and DISTRO ARC gate fixtures, not the V-7 probe gate's; set THYLACINE_ALPINE_TARBALL or drop one in build/cache/)
    -> the Alpine minirootfs absent (build/cache/alpine-minirootfs-*-aarch64.tar.gz);  fetch it:  tools/forage.sh alpine   ('tools/forage.sh status' = all inputs)
==> [build.sh] viv bundles: /vivarium staged (probe)
==> building stratum host tools (mkfs + stratumd + stratum-fs) from /Users/northkillpd/projects/stratum-astra/v2
==> stratum host tools built: /Users/northkillpd/projects/thylacine-corona/build/host-stratum/src/cmd/stratum-mkfs/stratum-mkfs, /Users/northkillpd/projects/thylacine-corona/build/host-stratum/src/cmd/stratumd/stratumd, /Users/northkillpd/projects/thylacine-corona/build/host-stratum/src/cmd/stratum-fs/stratum-fs
==> stratum pool fixture: seed=0x6f258d6812fb3735 (set THYLACINE_MKFS_SEED=<hex64> to pin, THYLACINE_MKFS_PRESERVE=1 to reuse existing files)
==> generating stratum pool fixture (/Users/northkillpd/projects/thylacine-corona/build/fixtures/pool.img, system.key, size=2560M)
==> stratum pool fixture: 2684354560 bytes (/Users/northkillpd/projects/thylacine-corona/build/fixtures/pool.img), 3656 bytes (/Users/northkillpd/projects/thylacine-corona/build/fixtures/system.key)
==> [build.sh] pool.img + system.key: REGENERATED (fresh random key, seed=0x6f258d6812fb3735) -- the ramfs MUST be re-baked so /bin/system.key matches
==> populate pool: building corvus-mint (host system-identity minter)
    Finished `release` profile [optimized] target(s) in 0.18s
==> populate pool: building manual-check (the manual's section checker)
    Finished `release` profile [optimized] target(s) in 0.00s
==> populate pool: starting stratumd on /Users/northkillpd/projects/thylacine-corona/build/fixtures/mkfs-populate.70847.sock
==> populate pool: stratumd bound; running stratum-fs population
==> populate pool: /thylacine-version written (69 bytes)
==> populate pool: baking Go GOROOT (/Users/northkillpd/projects/thylacine-corona/build/go/goroot -> /goroot, 167M)
==> populate pool: Go GOROOT baked at /goroot
==> populate pool: baking Go warm cache ( 28M) -> /go-cache + probe source -> /go4c
==> populate pool: Go warm cache + probe source baked
==> populate pool: baking Quake shareware data (/Users/northkillpd/projects/thylacine-corona/build/quake/stage -> /quake,  18M)
==> populate pool: Quake shareware baked at /quake
==> populate pool: baking Duke3D shareware data (/Users/northkillpd/projects/thylacine-corona/build/duke3d/stage -> /duke3d,  12M)
==> populate pool: Duke3D shareware baked at /duke3d
==> populate pool: baking Tomb Raider 3dfx demo (/Users/northkillpd/projects/thylacine-corona/build/tombraider/stage -> /tombraider, 4.9M)
==> populate pool: Tomb Raider 3dfx demo baked at /tombraider
==> populate pool: baking viv bundles (/Users/northkillpd/projects/thylacine-corona/build/vivarium -> /vivarium, 184K)
==> populate pool: viv bundles baked at /vivarium
corvus-mint: wrote system-wrap + system-recovery-wrap to /Users/northkillpd/projects/thylacine-corona/build/fixtures/corvus-identity.70847 (subject 'system', passphrase 'thylacine')
==> populate pool: system recovery phrase (hostowner-c): place frog indicate entire ripple total now input slight comic truly nuclear frequent spray company ride place frog indicate entire ripple total now giant
==> populate pool: system identity baked + readback-verified at /var/lib/corvus (system-wrap + system-recovery-wrap, SYSTEM-owned)
==> populate pool: /lib/ndb/local baked + readback-verified (NET-DESIGN s5 ndb)
==> populate pool: /lib/aurora/config baked + readback-verified (aurora-config cfg-2a)
==> populate pool: /lib/dosbox-x/dosbox-x.conf baked + readback-verified (DX-8 system defaults, preset pentium)
==> populate pool: /lib/beacon/verbs baked + readback-verified (BEACON 7 system tier)
==> populate pool: 16 theme(s) baked + readback-verified into /lib/halcyon/themes (HALCYON-THEME TH-5)
==> populate pool: 10 manual section(s) baked + readback-verified into /manual (MANUAL-DESIGN 6)
==> populate pool: 5 lantern deck file(s) baked + readback-verified into /deck (LANTERN-DESIGN 1)
==> populate pool: HALCYON profile lever ENABLED (/lib/halcyon/profile = legacy)
==> populate pool: /lib/aurora/osc-newline-attack baked (cfg-3 F1 regression fixture)
==> populate pool: /etc/ssl/certs/ca-certificates.crt baked + readback-verified (193 roots, NET-DESIGN s9)
==> populate pool: bake config CLADE=0 GOROOT=1; payloads verified PRESENT in the pool: GOROOT GOCACHE GO4C QUAKE DUKE3D TOMBRAIDER DBXCONF
==> populate pool: stratumd shut down cleanly; pool.img populated
==> populate pool: snapshot twins refreshed (pool.img/system.key .baked-snapshot)
==> Building Go probes (GOOS=thylacine GOARCH=arm64 CGO_ENABLED=0, fork=/Users/northkillpd/projects/go-thylacine)
==> Go probe built: /Users/northkillpd/projects/thylacine-corona/build/go/go-hello
-rwxr-xr-x@ 1 northkillpd  staff  1522067 Oct  7 00:23 /Users/northkillpd/projects/thylacine-corona/build/go/go-hello
==> Go probe built: /Users/northkillpd/projects/thylacine-corona/build/go/go-goroutines
-rwxr-xr-x@ 1 northkillpd  staff  1597300 Oct  7 00:23 /Users/northkillpd/projects/thylacine-corona/build/go/go-goroutines
==> Go probe built: /Users/northkillpd/projects/thylacine-corona/build/go/go-fs
-rwxr-xr-x@ 1 northkillpd  staff  2265697 Oct  7 00:23 /Users/northkillpd/projects/thylacine-corona/build/go/go-fs
==> Go probe built: /Users/northkillpd/projects/thylacine-corona/build/go/go-exec
-rwxr-xr-x@ 1 northkillpd  staff  2304089 Oct  7 00:23 /Users/northkillpd/projects/thylacine-corona/build/go/go-exec
==> Go probe built: /Users/northkillpd/projects/thylacine-corona/build/go/go-net
-rwxr-xr-x@ 1 northkillpd  staff  2913293 Oct  7 00:23 /Users/northkillpd/projects/thylacine-corona/build/go/go-net
==> Go probe built: /Users/northkillpd/projects/thylacine-corona/build/go/go-env
-rwxr-xr-x@ 1 northkillpd  staff  2179515 Oct  7 00:23 /Users/northkillpd/projects/thylacine-corona/build/go/go-env
==> Go probe built: /Users/northkillpd/projects/thylacine-corona/build/go/go-web
-rwxr-xr-x@ 1 northkillpd  staff  7228894 Oct  7 00:23 /Users/northkillpd/projects/thylacine-corona/build/go/go-web
==> Go probe built: /Users/northkillpd/projects/thylacine-corona/build/go/go-get
-rwxr-xr-x@ 1 northkillpd  staff  2440019 Oct  7 00:23 /Users/northkillpd/projects/thylacine-corona/build/go/go-get
==> Go probe built: /Users/northkillpd/projects/thylacine-corona/build/go/ambush-child
-rwxr-xr-x@ 1 northkillpd  staff  1707301 Oct  7 00:23 /Users/northkillpd/projects/thylacine-corona/build/go/ambush-child
==> [build.sh] go-hello + go-goroutines + go-fs + go-exec + go-net + go-env + go-web + go-get: Go cross-compile (GOOS=thylacine) -> ramfs (Stage 1/2/3a/3b/3c/4a boot probes + Stage 5 on-demand probes)
==> Building Ambush (GOOS=thylacine GOARCH=arm64 CGO_ENABLED=0, -tags thylacine_held, fork=/Users/northkillpd/projects/ambush)
==> Ambush built: /Users/northkillpd/projects/thylacine-corona/build/go/ambush
-rwxr-xr-x@ 1 northkillpd  staff  10944696 Oct  7 00:23 /Users/northkillpd/projects/thylacine-corona/build/go/ambush
==> [build.sh] ambush: Delve port cross-compile (GOOS=thylacine, stripped) -> ramfs (Stage 8c-1 debugger)
    ramfs: no thylacine-venus-prove at /Users/northkillpd/projects/thylacine-corona/build/clade/gl/ -- staging without it (V-3b-3a venus smoke will report absent)
    ramfs: no thylacine-vk-sdl-prove at /Users/northkillpd/projects/thylacine-corona/build/clade/gl/ -- staging without it (W-3e vk-sdl smoke will report absent)
    ramfs: no vkquake at /Users/northkillpd/projects/thylacine-corona/build/clade/gl/ -- staging without it (the W-4 FPS gate will skip)
==> [build.sh] ramfs.cpio: TLS bins stripped for ramfs economy (tls-smoke + https + curl + wget + tlsperf); net-echo ships UNSTRIPPED (~1.1 MiB) -- the live REVENANT R-4 >1-MiB-exec proof
==> [build.sh] ramfs.cpio: staged DX2C.COM (DX-2c DOS run-a-program witness)
==> [build.sh] ramfs.cpio: staged DX3K.COM (DX-3 DOS keystroke witness)
==> [build.sh] ramfs.cpio: staged dosbox-x.conf (DX-3b sample config/autoexec)
mkcpio: wrote 234 entries (232 files, 2 directories) to /Users/northkillpd/projects/thylacine-corona/build/ramfs.cpio
mkcpio: required present: bin/joey lib/libc.so lib/libdlprobe.so bin/pouch-hello-dlopen
==> ramfs cpio: /Users/northkillpd/projects/thylacine-corona/build/ramfs.cpio
==> [build.sh] ramfs.cpio: REBUILT (bakes the current userspace binaries + system.key)
==> v8.0 floor check (task #91)
ok    source: 33 -march/-mcpu sites across 18 files, all at the armv8-a floor
ok    selftest: the ungated LSE in the fixture is flagged, the gated one is not
ok    binaries: 220 aarch64 ELFs, 5357 LSE instructions, all runtime-gated

v8.0 floor: OK
==> invariant registry check (task #173)
invariants OK: 47 rows, ARCH == CLAUDE.md, 45 cited in AUDIT-TRIGGERS.md all resolve
==> Building disk image: /Users/northkillpd/projects/thylacine-corona/build/disk.img (THYLACINE_DISK_SIZE=16M → 16777216 bytes)
    block 0 signature: 'THYLACINE-DISK-1' (16 bytes)
    size: 16777216 bytes
==> [build.sh] disk.img: REBUILT

==> [build.sh] SUMMARY for target 'kernel' (build_type=Debug):
    - kernel ELF: BUILT (Debug, hardening=OFF, kaslr=OFF, sanitize='none', tests=ON)
    - system recovery phrase header: GENERATED (/Users/northkillpd/projects/thylacine-corona/build/generated/corvus_system_recovery_phrase.h; seed=corvus-mint default)
    - userspace: BUILT (native libt C binaries + the Rust workspace below; boot_probes=ON)
    - sysroot: REUSED (cached + up-to-date; force with 'tools/build.sh sysroot', or 'tools/build.sh clean' for a full nuke)
    - libSDL2.a: REUSED (cached + up-to-date, gl)
    - tyr-quake + tyr-glquake: REUSED (cached + up-to-date)
    - dosbox-x: REUSED (cached + up-to-date)
    - dosbox-x: system config rendered (preset pentium -> cycles=fixed 60000)
    - make (GNU make 4.4.1): REUSED (cached + up-to-date)
    - libcxx (libunwind+libc++abi+libc++): REUSED (cached + up-to-date)
    - rust progs: r1hello REUSED (cached + up-to-date; force by touching a rust source, or 'tools/build.sh clean')
    - stratumd: BUILT (links the pouch libc -- a stale sysroot would ship a stale ABI here)
    - gopls: LSP server cross-compile (GOOS=thylacine, stripped) -> /goroot/bin (Stage 8d)
    - ambush: Delve port -> /goroot/bin (Stage 8e-3e nora :debug)
    - nora-demo: Go debug demo (unstripped) + source -> /goroot/bin + /goroot/demo (nora :debug demo)
    - Go GOROOT: cross-built toolchain + trimmed stdlib src staged at /Users/northkillpd/projects/thylacine-corona/build/go/goroot (Stage 6 default-on)
    - Go 4c: seed-warmed GOCACHE + probe source staged (Stage 4c; baked at /go-cache + /go4c)
    - viv bundles: /vivarium staged (probe)
    - pool.img + system.key: REGENERATED (fresh random key, seed=0x6f258d6812fb3735) -- the ramfs MUST be re-baked so /bin/system.key matches
    - go-hello + go-goroutines + go-fs + go-exec + go-net + go-env + go-web + go-get: Go cross-compile (GOOS=thylacine) -> ramfs (Stage 1/2/3a/3b/3c/4a boot probes + Stage 5 on-demand probes)
    - ambush: Delve port cross-compile (GOOS=thylacine, stripped) -> ramfs (Stage 8c-1 debugger)
    - ramfs.cpio: TLS bins stripped for ramfs economy (tls-smoke + https + curl + wget + tlsperf); net-echo ships UNSTRIPPED (~1.1 MiB) -- the live REVENANT R-4 >1-MiB-exec proof
    - ramfs.cpio: staged DX2C.COM (DX-2c DOS run-a-program witness)
    - ramfs.cpio: staged DX3K.COM (DX-3 DOS keystroke witness)
    - ramfs.cpio: staged dosbox-x.conf (DX-3b sample config/autoexec)
    - ramfs.cpio: REBUILT (bakes the current userspace binaries + system.key)
    - disk.img: REBUILT
==> [build.sh] note: a pouch ABI/patch change auto-triggers a sysroot REBUILT above
    (any patch newer than libc.a); 'tools/build.sh clean' forces a full from-scratch rebuild.
-- stage 'post-build': 11 GiB free (floor 8)
-- fresh from this run: 982675332e4aed8a  build/pouch/progs/stratumd
-- fresh from this run: 982675332e4aed8a  build/ramfs-src/bin/stratumd
-- pin VERIFIED IN THE OUTPUT: stratumd configured from /Users/northkillpd/projects/stratum-astra/v2
-- provenance recorded: post-build (my kernel, paired images) (-> work/oct5-as-r9/provenance.log)
   control present: burrow.refcount_lifecycle (the search works)
-- the four witnesses must be REGISTERED in the built ELF:
   present: burrow.settled_drop_retains_nonfinal_charge
   present: burrow.settled_drop_exact_payer
   present: burrow.settled_mapping_drop_defers_free
   present: burrow.unmap_failure_leaves_mapping_attached
==> lean --production shape: builds (#228/#229 guard)
==> Booting kernel under QEMU (timeout 300s)...
    Log: /Users/northkillpd/projects/thylacine-corona/build/test-boot.log
==> harness: qemu_alive_at_teardown=1
==> PASS: boot banner observed.
==> arc gates: 0/2 ran -- L-6c=SKIPPED D-5=SKIPPED; 2 SKIPPED (external Alpine fixture absent -- NOT a guest result, and NOT coverage)
==> clade gates: 0/3 ran -- CL-4=SKIPPED CL-7b=SKIPPED CL-5=SKIPPED; 3 SKIPPED (no /clade bake -- NOT a guest result, and NOT coverage)
--- log tail ---
owner 6
NOCTURNE-PROBE PASS (2-voice mix: 1 kHz + 2 kHz mixed; periods played)
NOCTURNE-PROBE PASS (2-voice mix: 1 kHz + 2 kHz mixed; periods played)
joey: nocturne-probe OK (1 kHz + 2 kHz mixed on two voices; Nocturne N-2a-1)
joey: /srv/warp posted (the GPU seam; per-client mount)
joey: Warp PROBE OK (warp ctl: virgl 0)
joey: /dev/null is a character device
joey: clade CL-4 /clade absent (THYLACINE_BAKE_CLADE not set) -- skipping
joey: clade CL-7b GL gate: /clade/bin/osmesa-prove absent -- skipping
joey: clade CL-5 storm: /storm absent -- skipping
joey: CLADE-GATES cl4=SKIPPED gl=SKIPPED storm=SKIPPED
joey: daemon registry (#80; the reaper names these on exit): stratumd=4794 corvus=4877 ptyfs=4996 diorama=5000 aurora=5057
boot-ms: 38149
boot-wc: parks=7743265 idle_ms=126848 starved=53206 starved_ms=6060 max_ms=111 | tickless: parks=7471924 starved=53193 starved_ms=5802 max_ms=13 wake-ipi=7433459 wake-oneshot=38465
boot-kstack: peak=10160 usable=16384 pid=4536 tid=1604
Thylacine boot OK
joey: reaped adopted orphan pid=4536 status=1
login: consctl ok (line discipline via inherited fd)

Thylacine login: tapestryd: surface 0 patchwork latched (slot 1 of slots 0b111, 1 rects of 1280x800)
----------------
-- test.sh exit status: 0; boot log PRESERVED at work/oct5-as-r9/boot-logs/boot-confirm-232503Z.log
-- EXECUTION witness: each of the four must have its own PASS record:
   NO PASS RECORD: burrow.settled_drop_retains_nonfinal_charge -- compiled in is not run; show its line:
     (absent from the log entirely)
